Date,Time,HomeTeam,AwayTeam,FTHG,FTAG,FTR
13/08/2021,22:00,Real Zaragoza,Ibiza,0,0,D
13/08/2021,20:00,Huesca,Eibar,2,0,H
14/08/2021,19:30,Girona,Amorebieta,2,0,H
14/08/2021,22:00,Ponferradina,Alcorcon,1,0,H
14/08/2021,17:00,Real Sociedad B,Leganes,1,0,H
15/08/2021,17:00,Sporting Gijon,Burgos,1,0,H
15/08/2021,19:30,Real Oviedo,Lugo,2,2,D
15/08/2021,22:00,Fuenlabrada,Tenerife,1,2,A
15/08/2021,,Las Palmas,Valladolid,1,1,D
16/08/2021,22:00,Cartagena,Almeria,1,3,A
16/08/2021,20:00,Malaga,Mirandes,0,0,D
20/08/2021,22:00,Almeria,Real Oviedo,2,1,H
20/08/2021,20:00,Valladolid,Real Zaragoza,2,0,H
21/08/2021,17:00,Lugo,Real Sociedad B,0,0,D
21/08/2021,19:30,Tenerife,Sporting Gijon,0,0,D
21/08/2021,22:00,Alcorcon,Fuenlabrada,0,2,A
22/08/2021,19:30,Girona,Las Palmas,0,0,D
22/08/2021,,Eibar,Ponferradina,0,1,A
22/08/2021,22:00,Huesca,Cartagena,2,0,H
22/08/2021,17:00,Ibiza,Malaga,2,2,D
23/08/2021,22:00,Leganes,Burgos,0,0,D
23/08/2021,20:00,Mirandes,Amorebieta,2,0,H
27/08/2021,20:00,Las Palmas,Huesca,2,1,H
27/08/2021,22:00,Malaga,Alcorcon,1,0,H
28/08/2021,19:30,Leganes,Ibiza,1,2,A
28/08/2021,,Real Oviedo,Tenerife,0,0,D
28/08/2021,22:00,Ponferradina,Girona,2,1,H
28/08/2021,17:00,Sporting Gijon,Mirandes,2,1,H
29/08/2021,17:00,Amorebieta,Almeria,2,1,H
29/08/2021,19:30,Lugo,Valladolid,0,2,A
29/08/2021,,Real Sociedad B,Fuenlabrada,0,0,D
29/08/2021,22:00,Burgos,Eibar,0,1,A
30/08/2021,22:00,Real Zaragoza,Cartagena,0,1,A
03/09/2021,21:00,Girona,Sporting Gijon,1,2,A
04/09/2021,16:00,Eibar,Leganes,1,1,D
04/09/2021,18:15,Tenerife,Ponferradina,2,0,H
04/09/2021,,Cartagena,Real Sociedad B,1,0,H
04/09/2021,21:00,Fuenlabrada,Lugo,1,1,D
04/09/2021,,Almeria,Malaga,2,0,H
05/09/2021,16:00,Ibiza,Amorebieta,1,1,D
05/09/2021,18:15,Alcorcon,Real Zaragoza,1,2,A
05/09/2021,,Mirandes,Las Palmas,4,2,H
05/09/2021,16:00,Burgos,Valladolid,3,0,H
06/09/2021,21:00,Huesca,Real Oviedo,1,2,A
10/09/2021,21:00,Sporting Gijon,Leganes,2,1,H
11/09/2021,16:00,Real Sociedad B,Eibar,2,3,A
11/09/2021,18:15,Las Palmas,Ibiza,1,1,D
11/09/2021,21:00,Mirandes,Alcorcon,1,3,A
11/09/2021,16:00,Amorebieta,Burgos,2,2,D
12/09/2021,14:00,Real Oviedo,Cartagena,2,0,H
12/09/2021,16:00,Valladolid,Tenerife,0,2,A
12/09/2021,18:15,Ponferradina,Almeria,1,0,H
12/09/2021,20:30,Fuenlabrada,Real Zaragoza,1,1,D
12/09/2021,21:30,Malaga,Girona,2,0,H
13/09/2021,21:00,Lugo,Huesca,3,2,H
17/09/2021,21:00,Alcorcon,Almeria,0,4,A
18/09/2021,16:00,Ibiza,Real Oviedo,1,1,D
18/09/2021,18:15,Leganes,Amorebieta,1,0,H
18/09/2021,,Real Zaragoza,Real Sociedad B,1,1,D
18/09/2021,20:30,Girona,Valladolid,1,0,H
18/09/2021,21:00,Cartagena,Lugo,2,1,H
19/09/2021,16:00,Ponferradina,Malaga,4,0,H
19/09/2021,18:15,Tenerife,Mirandes,1,2,A
19/09/2021,,Eibar,Sporting Gijon,3,2,H
19/09/2021,14:00,Huesca,Fuenlabrada,0,0,D
20/09/2021,21:00,Burgos,Las Palmas,0,0,D
24/09/2021,20:00,Real Sociedad B,Huesca,0,2,A
24/09/2021,21:00,Almeria,Tenerife,3,1,H
25/09/2021,18:15,Amorebieta,Eibar,1,1,D
25/09/2021,,Las Palmas,Ponferradina,2,1,H
25/09/2021,16:00,Ibiza,Burgos,2,0,H
26/09/2021,14:00,Mirandes,Leganes,1,2,A
26/09/2021,16:00,Sporting Gijon,Malaga,2,1,H
26/09/2021,18:15,Real Oviedo,Girona,0,0,D
26/09/2021,20:30,Lugo,Real Zaragoza,1,1,D
26/09/2021,21:00,Valladolid,Alcorcon,2,0,H
27/09/2021,21:00,Fuenlabrada,Cartagena,2,1,H
01/10/2021,21:00,Ponferradina,Valladolid,2,2,D
02/10/2021,16:00,Amorebieta,Sporting Gijon,1,1,D
02/10/2021,,Huesca,Tenerife,1,2,A
02/10/2021,18:15,Real Zaragoza,Real Oviedo,0,0,D
02/10/2021,21:00,Alcorcon,Real Sociedad B,1,4,A
03/10/2021,16:00,Malaga,Fuenlabrada,1,0,H
03/10/2021,18:15,Burgos,Mirandes,1,0,H
03/10/2021,,Las Palmas,Cartagena,4,1,H
03/10/2021,21:00,Leganes,Lugo,1,1,D
03/10/2021,14:00,Eibar,Ibiza,3,1,H
04/10/2021,21:00,Girona,Almeria,1,2,A
08/10/2021,21:00,Valladolid,Malaga,1,1,D
09/10/2021,16:00,Mirandes,Eibar,3,3,D
09/10/2021,18:15,Almeria,Las Palmas,1,1,D
09/10/2021,21:00,Real Oviedo,Sporting Gijon,1,1,D
09/10/2021,16:00,Lugo,Girona,1,0,H
10/10/2021,14:00,Real Sociedad B,Ponferradina,1,1,D
10/10/2021,16:00,Cartagena,Ibiza,5,1,H
10/10/2021,18:15,Alcorcon,Burgos,1,0,H
10/10/2021,,Tenerife,Amorebieta,2,1,H
10/10/2021,,Fuenlabrada,Leganes,2,1,H
11/10/2021,21:00,Real Zaragoza,Huesca,0,0,D
15/10/2021,21:00,Eibar,Almeria,1,0,H
16/10/2021,16:00,Amorebieta,Cartagena,2,3,A
16/10/2021,,Girona,Huesca,1,3,A
16/10/2021,18:15,Las Palmas,Tenerife,2,1,H
16/10/2021,20:30,Malaga,Real Zaragoza,1,1,D
16/10/2021,21:00,Sporting Gijon,Alcorcon,1,0,H
17/10/2021,16:00,Leganes,Valladolid,0,2,A
17/10/2021,18:15,Burgos,Lugo,1,1,D
17/10/2021,,Real Sociedad B,Real Oviedo,1,1,D
17/10/2021,21:00,Ponferradina,Fuenlabrada,0,0,D
17/10/2021,14:00,Ibiza,Mirandes,0,2,A
19/10/2021,19:00,Huesca,Malaga,0,0,D
19/10/2021,21:00,Tenerife,Eibar,0,1,A
19/10/2021,19:00,Cartagena,Sporting Gijon,1,0,H
20/10/2021,19:00,Fuenlabrada,Amorebieta,0,0,D
20/10/2021,,Valladolid,Ibiza,1,1,D
20/10/2021,21:00,Alcorcon,Leganes,3,3,D
20/10/2021,,Lugo,Las Palmas,2,0,H
21/10/2021,19:00,Real Zaragoza,Ponferradina,1,1,D
21/10/2021,21:00,Mirandes,Girona,1,2,A
21/10/2021,,Real Oviedo,Burgos,1,3,A
21/10/2021,18:45,Almeria,Real Sociedad B,3,1,H
22/10/2021,21:00,Eibar,Cartagena,2,1,H
23/10/2021,18:15,Sporting Gijon,Valladolid,1,2,A
23/10/2021,20:30,Malaga,Lugo,1,0,H
23/10/2021,21:00,Leganes,Tenerife,1,2,A
23/10/2021,16:00,Ibiza,Fuenlabrada,3,1,H
24/10/2021,14:00,Amorebieta,Real Sociedad B,1,2,A
24/10/2021,,Mirandes,Almeria,1,4,A
24/10/2021,18:15,Burgos,Huesca,3,1,H
24/10/2021,,Ponferradina,Real Oviedo,1,2,A
24/10/2021,21:00,Las Palmas,Alcorcon,3,0,H
25/10/2021,21:00,Girona,Real Zaragoza,1,1,D
29/10/2021,21:00,Almeria,Leganes,1,0,H
29/10/2021,,Real Sociedad B,Las Palmas,0,1,A
30/10/2021,18:15,Lugo,Sporting Gijon,1,1,D
30/10/2021,21:00,Cartagena,Ponferradina,0,1,A
30/10/2021,16:00,Huesca,Amorebieta,1,1,D
31/10/2021,14:00,Fuenlabrada,Girona,1,2,A
31/10/2021,16:00,Real Oviedo,Malaga,2,1,H
31/10/2021,18:15,Valladolid,Eibar,2,0,H
31/10/2021,20:30,Real Zaragoza,Mirandes,1,1,D
01/11/2021,18:15,Tenerife,Burgos,4,0,H
01/11/2021,16:00,Alcorcon,Ibiza,0,2,A
02/11/2021,19:00,Ponferradina,Huesca,1,1,D
02/11/2021,,Sporting Gijon,Almeria,0,1,A
02/11/2021,21:15,Leganes,Cartagena,1,1,D
03/11/2021,19:00,Mirandes,Lugo,3,2,H
03/11/2021,21:15,Eibar,Real Oviedo,1,0,H
03/11/2021,,Las Palmas,Fuenlabrada,2,1,H
03/11/2021,19:00,Amorebieta,Valladolid,4,1,H
04/11/2021,19:00,Burgos,Real Zaragoza,0,1,A
04/11/2021,,Girona,Alcorcon,3,1,H
04/11/2021,21:15,Malaga,Real Sociedad B,2,1,H
04/11/2021,,Ibiza,Tenerife,0,0,D
05/11/2021,21:00,Huesca,Leganes,0,2,A
06/11/2021,16:00,Lugo,Ponferradina,1,2,A
06/11/2021,18:15,Real Oviedo,Las Palmas,1,1,D
06/11/2021,,Valladolid,Mirandes,3,1,H
06/11/2021,21:00,Fuenlabrada,Eibar,0,0,D
07/11/2021,16:00,Real Zaragoza,Sporting Gijon,2,0,H
07/11/2021,18:15,Cartagena,Malaga,3,1,H
07/11/2021,,Almeria,Burgos,2,0,H
07/11/2021,21:00,Real Sociedad B,Ibiza,0,1,A
07/11/2021,14:00,Alcorcon,Amorebieta,2,2,D
08/11/2021,21:00,Tenerife,Girona,2,1,H
12/11/2021,21:00,Sporting Gijon,Real Sociedad B,0,1,A
13/11/2021,18:15,Mirandes,Huesca,0,1,A
13/11/2021,,Eibar,Alcorcon,2,1,H
13/11/2021,20:30,Las Palmas,Real Zaragoza,2,3,A
13/11/2021,16:00,Valladolid,Fuenlabrada,3,0,H
14/11/2021,14:00,Amorebieta,Lugo,1,3,A
14/11/2021,16:00,Girona,Cartagena,2,0,H
14/11/2021,,Ibiza,Almeria,0,1,A
14/11/2021,18:15,Burgos,Ponferradina,1,0,H
14/11/2021,,Leganes,Real Oviedo,0,0,D
15/11/2021,21:00,Malaga,Tenerife,1,0,H
19/11/2021,21:00,Fuenlabrada,Mirandes,1,1,D
20/11/2021,18:15,Malaga,Las Palmas,2,1,H
20/11/2021,20:30,Almeria,Valladolid,3,1,H
20/11/2021,16:00,Real Oviedo,Amorebieta,2,0,H
21/11/2021,14:00,Cartagena,Burgos,1,0,H
21/11/2021,16:00,Lugo,Eibar,2,2,D
21/11/2021,18:15,Tenerife,Alcorcon,1,0,H
21/11/2021,,Huesca,Ibiza,0,0,D
21/11/2021,20:30,Ponferradina,Sporting Gijon,4,1,H
22/11/2021,21:00,Real Zaragoza,Leganes,0,2,A
22/11/2021,19:00,Real Sociedad B,Girona,1,2,A
26/11/2021,21:00,Alcorcon,Lugo,1,1,D
26/11/2021,,Mirandes,Real Oviedo,1,1,D
27/11/2021,18:15,Sporting Gijon,Fuenlabrada,1,1,D
27/11/2021,,Almeria,Huesca,0,0,D
27/11/2021,20:30,Valladolid,Cartagena,2,0,H
27/11/2021,16:00,Burgos,Malaga,3,0,H
28/11/2021,14:00,Leganes,Las Palmas,4,1,H
28/11/2021,16:00,Amorebieta,Real Zaragoza,1,1,D
28/11/2021,,Ibiza,Ponferradina,0,1,A
28/11/2021,18:15,Tenerife,Real Sociedad B,2,0,H
29/11/2021,21:00,Eibar,Girona,4,2,H
03/12/2021,21:00,Huesca,Valladolid,3,2,H
04/12/2021,18:15,Fuenlabrada,Almeria,1,1,D
05/12/2021,14:00,Ponferradina,Mirandes,2,1,H
05/12/2021,16:00,Malaga,Amorebieta,1,2,A
05/12/2021,18:15,Lugo,Ibiza,0,0,D
05/12/2021,,Real Oviedo,Alcorcon,3,1,H
05/12/2021,,Real Sociedad B,Burgos,0,1,A
05/12/2021,20:30,Las Palmas,Sporting Gijon,1,0,H
06/12/2021,18:15,Cartagena,Tenerife,1,1,D
06/12/2021,21:00,Girona,Leganes,3,0,H
06/12/2021,16:00,Real Zaragoza,Eibar,1,0,H
10/12/2021,21:00,Sporting Gijon,Huesca,1,1,D
11/12/2021,16:00,Burgos,Fuenlabrada,2,0,H
11/12/2021,,Ibiza,Girona,1,1,D
11/12/2021,18:15,Almeria,Real Zaragoza,3,0,H
11/12/2021,20:30,Eibar,Malaga,2,2,D
11/12/2021,21:00,Tenerife,Lugo,1,1,D
12/12/2021,14:00,Leganes,Ponferradina,1,1,D
12/12/2021,16:00,Valladolid,Real Oviedo,2,1,H
12/12/2021,18:15,Alcorcon,Cartagena,1,1,D
12/12/2021,,Amorebieta,Las Palmas,1,1,D
13/12/2021,21:00,Mirandes,Real Sociedad B,2,0,H
17/12/2021,21:00,Girona,Burgos,3,1,H
18/12/2021,16:00,Ibiza,Sporting Gijon,0,2,A
18/12/2021,18:15,Las Palmas,Eibar,0,1,A
18/12/2021,16:00,Malaga,Leganes,0,2,A
19/12/2021,14:00,Fuenlabrada,Real Oviedo,0,0,D
19/12/2021,16:00,Real Zaragoza,Tenerife,0,2,A
19/12/2021,,Ponferradina,Amorebieta,1,1,D
19/12/2021,18:15,Cartagena,Mirandes,3,0,H
19/12/2021,,Real Sociedad B,Valladolid,0,2,A
19/12/2021,,Huesca,Alcorcon,0,0,D
31/12/2021,16:15,Eibar,Real Sociedad B,3,2,H
31/12/2021,14:00,Real Oviedo,Ponferradina,2,0,H
31/12/2021,16:00,Burgos,Amorebieta,2,2,D
02/01/2022,18:15,Huesca,Girona,0,1,A
02/01/2022,14:00,Valladolid,Leganes,1,0,H
02/01/2022,,Almeria,Cartagena,0,1,A
02/01/2022,16:00,Sporting Gijon,Lugo,1,1,D
02/01/2022,18:15,Mirandes,Real Zaragoza,2,0,H
02/01/2022,21:30,Tenerife,Las Palmas,0,1,A
02/01/2022,21:00,Fuenlabrada,Ibiza,1,2,A
03/01/2022,21:00,Alcorcon,Malaga,0,1,A
07/01/2022,21:00,Amorebieta,Tenerife,1,1,D
08/01/2022,18:15,Valladolid,Burgos,1,0,H
08/01/2022,16:00,Cartagena,Huesca,0,3,A
08/01/2022,,Ibiza,Alcorcon,6,2,H
08/01/2022,21:00,Leganes,Real Sociedad B,1,1,D
09/01/2022,14:00,Girona,Fuenlabrada,2,1,H
09/01/2022,16:00,Lugo,Mirandes,2,1,H
09/01/2022,18:15,Malaga,Sporting Gijon,2,2,D
09/01/2022,20:30,Ponferradina,Real Zaragoza,0,0,D
09/01/2022,21:30,Las Palmas,Almeria,1,1,D
10/01/2022,21:00,Real Oviedo,Eibar,1,1,D
19/01/2022,21:00,Lugo,Almeria,2,1,H
21/01/2022,21:00,Tenerife,Real Oviedo,4,0,H
22/01/2022,18:15,Fuenlabrada,Las Palmas,3,2,H
22/01/2022,21:00,Malaga,Ibiza,0,5,A
22/01/2022,16:00,Real Zaragoza,Valladolid,0,0,D
23/01/2022,14:00,Burgos,Leganes,4,0,H
23/01/2022,16:00,Sporting Gijon,Amorebieta,2,1,H
23/01/2022,18:15,Girona,Lugo,1,1,D
23/01/2022,,Huesca,Ponferradina,1,2,A
23/01/2022,21:00,Alcorcon,Mirandes,0,0,D
24/01/2022,21:00,Almeria,Eibar,0,2,A
24/01/2022,,Real Sociedad B,Cartagena,1,2,A
28/01/2022,21:00,Valladolid,Sporting Gijon,1,0,H
29/01/2022,16:00,Amorebieta,Girona,1,0,H
29/01/2022,18:15,Lugo,Burgos,1,0,H
29/01/2022,,Eibar,Huesca,2,1,H
29/01/2022,21:00,Real Oviedo,Almeria,2,0,H
30/01/2022,16:00,Cartagena,Fuenlabrada,3,0,H
30/01/2022,18:15,Mirandes,Malaga,3,0,H
30/01/2022,,Las Palmas,Real Sociedad B,0,0,D
30/01/2022,21:00,Ponferradina,Tenerife,1,2,A
30/01/2022,14:00,Leganes,Alcorcon,1,0,H
31/01/2022,21:00,Ibiza,Real Zaragoza,2,2,D
04/02/2022,21:00,Almeria,Ibiza,2,0,H
04/02/2022,,Burgos,Alcorcon,3,1,H
05/02/2022,18:15,Real Zaragoza,Malaga,1,1,D
05/02/2022,20:30,Girona,Ponferradina,3,0,H
05/02/2022,,Sporting Gijon,Eibar,0,1,A
05/02/2022,16:00,Real Sociedad B,Lugo,1,1,D
06/02/2022,14:00,Amorebieta,Real Oviedo,1,1,D
06/02/2022,,Fuenlabrada,Valladolid,0,0,D
06/02/2022,18:15,Cartagena,Las Palmas,0,2,A
06/02/2022,,Huesca,Mirandes,4,0,H
06/02/2022,21:00,Tenerife,Leganes,0,0,D
11/02/2022,21:00,Leganes,Real Zaragoza,2,1,H
12/02/2022,16:00,Mirandes,Sporting Gijon,0,3,A
12/02/2022,18:15,Ibiza,Cartagena,2,1,H
12/02/2022,,Valladolid,Girona,2,2,D
12/02/2022,20:30,Malaga,Almeria,0,1,A
13/02/2022,16:00,Real Oviedo,Huesca,3,3,D
13/02/2022,18:15,Alcorcon,Tenerife,0,2,A
13/02/2022,,Lugo,Amorebieta,1,1,D
13/02/2022,21:00,Las Palmas,Burgos,0,2,A
13/02/2022,14:00,Eibar,Fuenlabrada,0,0,D
14/02/2022,21:00,Ponferradina,Real Sociedad B,3,2,H
18/02/2022,21:00,Cartagena,Valladolid,2,3,A
19/02/2022,18:15,Tenerife,Ibiza,2,0,H
19/02/2022,,Girona,Eibar,0,1,A
19/02/2022,21:00,Real Sociedad B,Malaga,2,0,H
19/02/2022,16:00,Real Zaragoza,Las Palmas,2,1,H
20/02/2022,14:00,Fuenlabrada,Alcorcon,2,2,D
20/02/2022,16:00,Burgos,Real Oviedo,0,1,A
20/02/2022,18:15,Huesca,Lugo,1,0,H
20/02/2022,,Sporting Gijon,Ponferradina,2,3,A
20/02/2022,21:00,Almeria,Mirandes,2,1,H
21/02/2022,21:00,Amorebieta,Leganes,1,3,A
25/02/2022,21:00,Almeria,Fuenlabrada,3,1,H
26/02/2022,16:00,Ibiza,Huesca,2,1,H
26/02/2022,18:15,Real Oviedo,Real Sociedad B,0,1,A
26/02/2022,21:00,Las Palmas,Lugo,2,2,D
26/02/2022,16:00,Mirandes,Tenerife,2,1,H
27/02/2022,14:00,Eibar,Burgos,2,0,H
27/02/2022,16:00,Sporting Gijon,Real Zaragoza,1,2,A
27/02/2022,18:15,Leganes,Girona,1,1,D
27/02/2022,,Valladolid,Amorebieta,5,1,H
27/02/2022,21:00,Alcorcon,Ponferradina,2,2,D
28/02/2022,21:00,Malaga,Cartagena,1,1,D
04/03/2022,21:00,Real Zaragoza,Almeria,2,0,H
05/03/2022,16:00,Huesca,Las Palmas,0,0,D
05/03/2022,18:15,Tenerife,Valladolid,1,4,A
05/03/2022,16:00,Fuenlabrada,Burgos,1,2,A
06/03/2022,14:00,Lugo,Alcorcon,1,0,H
06/03/2022,16:00,Ponferradina,Ibiza,1,1,D
06/03/2022,18:15,Amorebieta,Malaga,1,2,A
06/03/2022,,Leganes,Mirandes,2,0,H
06/03/2022,,Cartagena,Eibar,4,1,H
06/03/2022,21:00,Girona,Real Oviedo,2,1,H
07/03/2022,21:00,Real Sociedad B,Sporting Gijon,2,1,H
11/03/2022,21:00,Real Zaragoza,Fuenlabrada,2,1,H
12/03/2022,16:00,Ibiza,Leganes,1,1,D
12/03/2022,18:15,Almeria,Lugo,3,3,D
12/03/2022,,Las Palmas,Girona,1,3,A
12/03/2022,21:00,Malaga,Ponferradina,0,0,D
12/03/2022,16:00,Mirandes,Cartagena,2,1,H
13/03/2022,14:00,Burgos,Real Sociedad B,0,0,D
13/03/2022,16:00,Eibar,Amorebieta,1,0,H
13/03/2022,,Sporting Gijon,Tenerife,1,2,A
13/03/2022,18:15,Alcorcon,Huesca,1,0,H
13/03/2022,,Real Oviedo,Valladolid,3,0,H
18/03/2022,21:00,Huesca,Burgos,1,0,H
19/03/2022,14:00,Real Sociedad B,Mirandes,1,3,A
19/03/2022,16:00,Cartagena,Real Zaragoza,3,0,H
19/03/2022,,Fuenlabrada,Malaga,1,0,H
19/03/2022,18:15,Lugo,Real Oviedo,1,1,D
19/03/2022,,Valladolid,Las Palmas,0,1,A
19/03/2022,21:00,Girona,Ibiza,5,1,H
20/03/2022,16:00,Ponferradina,Eibar,2,2,D
20/03/2022,18:15,Leganes,Sporting Gijon,1,1,D
20/03/2022,14:00,Amorebieta,Alcorcon,0,0,D
21/03/2022,21:00,Tenerife,Almeria,0,1,A
25/03/2022,21:00,Real Zaragoza,Amorebieta,1,1,D
26/03/2022,16:00,Eibar,Lugo,1,0,H
26/03/2022,18:00,Sporting Gijon,Cartagena,4,1,H
26/03/2022,21:30,Real Oviedo,Fuenlabrada,3,0,H
26/03/2022,14:00,Ibiza,Real Sociedad B,2,2,D
27/03/2022,14:00,Mirandes,Ponferradina,3,1,H
27/03/2022,16:00,Burgos,Tenerife,1,0,H
27/03/2022,18:15,Alcorcon,Valladolid,1,2,A
27/03/2022,,Malaga,Huesca,0,2,A
27/03/2022,21:00,Almeria,Girona,0,1,A
28/03/2022,21:00,Las Palmas,Leganes,4,2,H
01/04/2022,21:00,Girona,Malaga,1,0,H
02/04/2022,16:00,Valladolid,Lugo,4,1,H
02/04/2022,18:15,Amorebieta,Ibiza,3,1,H
02/04/2022,20:30,Tenerife,Real Zaragoza,1,1,D
02/04/2022,16:00,Real Sociedad B,Alcorcon,2,4,A
03/04/2022,14:00,Cartagena,Real Oviedo,1,2,A
03/04/2022,16:00,Burgos,Sporting Gijon,0,0,D
03/04/2022,,Ponferradina,Las Palmas,1,2,A
03/04/2022,18:15,Eibar,Mirandes,1,1,D
03/04/2022,,Huesca,Almeria,1,1,D
04/04/2022,21:00,Leganes,Fuenlabrada,3,2,H
08/04/2022,21:00,Lugo,Cartagena,1,0,H
09/04/2022,18:15,Alcorcon,Sporting Gijon,1,1,D
09/04/2022,,Malaga,Valladolid,2,2,D
09/04/2022,21:00,Las Palmas,Amorebieta,1,0,H
09/04/2022,16:00,Real Sociedad B,Tenerife,1,2,A
10/04/2022,14:00,Fuenlabrada,Huesca,2,3,A
10/04/2022,16:00,Real Zaragoza,Girona,1,0,H
10/04/2022,18:15,Mirandes,Burgos,3,1,H
10/04/2022,,Ibiza,Eibar,2,0,H
10/04/2022,,Real Oviedo,Leganes,1,0,H
11/04/2022,21:00,Almeria,Ponferradina,3,0,H
15/04/2022,21:00,Amorebieta,Mirandes,1,0,H
15/04/2022,18:30,Eibar,Las Palmas,2,2,D
16/04/2022,16:00,Leganes,Malaga,0,3,A
16/04/2022,18:15,Valladolid,Almeria,2,2,D
16/04/2022,20:30,Sporting Gijon,Real Oviedo,0,1,A
16/04/2022,21:00,Cartagena,Alcorcon,3,1,H
17/04/2022,16:00,Burgos,Ibiza,2,1,H
17/04/2022,18:15,Tenerife,Fuenlabrada,3,1,H
17/04/2022,,Huesca,Real Zaragoza,1,1,D
17/04/2022,14:00,Ponferradina,Lugo,3,1,H
18/04/2022,19:00,Girona,Real Sociedad B,2,0,H
22/04/2022,21:00,Tenerife,Huesca,0,0,D
23/04/2022,16:15,Cartagena,Girona,3,0,H
23/04/2022,,Fuenlabrada,Ponferradina,2,3,A
23/04/2022,18:30,Malaga,Eibar,1,3,A
23/04/2022,14:00,Real Sociedad B,Amorebieta,2,1,H
24/04/2022,14:00,Alcorcon,Real Oviedo,1,2,A
24/04/2022,16:15,Mirandes,Valladolid,0,1,A
24/04/2022,,Ibiza,Las Palmas,1,1,D
24/04/2022,18:30,Lugo,Leganes,0,0,D
24/04/2022,,Real Zaragoza,Burgos,0,0,D
25/04/2022,21:00,Almeria,Sporting Gijon,1,0,H
29/04/2022,22:00,Las Palmas,Malaga,2,1,H
30/04/2022,18:15,Eibar,Real Zaragoza,2,0,H
30/04/2022,20:30,Burgos,Almeria,0,2,A
30/04/2022,16:00,Real Oviedo,Mirandes,3,0,H
01/05/2022,14:00,Amorebieta,Fuenlabrada,2,1,H
01/05/2022,16:00,Alcorcon,Girona,0,1,A
01/05/2022,,Sporting Gijon,Ibiza,0,1,A
01/05/2022,18:15,Lugo,Tenerife,0,2,A
01/05/2022,,Ponferradina,Cartagena,4,2,H
02/05/2022,21:00,Valladolid,Real Sociedad B,1,2,A
02/05/2022,18:30,Leganes,Huesca,2,1,H
06/05/2022,21:00,Las Palmas,Mirandes,1,0,H
07/05/2022,16:00,Huesca,Sporting Gijon,1,1,D
07/05/2022,18:15,Malaga,Real Oviedo,0,0,D
07/05/2022,,Almeria,Amorebieta,3,0,H
07/05/2022,21:00,Ponferradina,Burgos,3,1,H
07/05/2022,16:00,Fuenlabrada,Real Sociedad B,1,2,A
08/05/2022,14:00,Cartagena,Leganes,0,0,D
08/05/2022,16:00,Eibar,Valladolid,0,2,A
08/05/2022,18:15,Ibiza,Lugo,1,1,D
08/05/2022,,Real Zaragoza,Alcorcon,0,3,A
09/05/2022,21:00,Girona,Tenerife,0,1,A
13/05/2022,21:00,Real Sociedad B,Almeria,0,2,A
14/05/2022,14:00,Amorebieta,Huesca,1,0,H
14/05/2022,16:00,Burgos,Cartagena,1,1,D
14/05/2022,,Lugo,Fuenlabrada,1,3,A
14/05/2022,18:15,Valladolid,Ponferradina,2,0,H
14/05/2022,21:00,Leganes,Eibar,2,3,A
15/05/2022,16:00,Mirandes,Ibiza,4,0,H
15/05/2022,,Sporting Gijon,Girona,2,1,H
15/05/2022,21:00,Tenerife,Malaga,0,2,A
15/05/2022,14:00,Alcorcon,Las Palmas,0,2,A
16/05/2022,21:00,Real Oviedo,Real Zaragoza,3,3,D
20/05/2022,21:00,Real Zaragoza,Lugo,1,0,H
21/05/2022,20:00,Cartagena,Amorebieta,5,0,H
21/05/2022,,Malaga,Burgos,0,1,A
21/05/2022,,Fuenlabrada,Sporting Gijon,0,0,D
21/05/2022,,Huesca,Real Sociedad B,3,2,H
21/05/2022,22:00,Girona,Mirandes,2,0,H
21/05/2022,,Ibiza,Valladolid,1,2,A
21/05/2022,,Eibar,Tenerife,2,0,H
21/05/2022,,Ponferradina,Leganes,0,3,A
21/05/2022,,Almeria,Alcorcon,1,1,D
21/05/2022,,Las Palmas,Real Oviedo,2,1,H
27/05/2022,21:00,Real Sociedad B,Real Zaragoza,1,2,A
27/05/2022,,Mirandes,Fuenlabrada,5,1,H
28/05/2022,18:15,Lugo,Malaga,1,0,H
28/05/2022,,Amorebieta,Ponferradina,1,0,H
29/05/2022,20:00,Alcorcon,Eibar,1,0,H
29/05/2022,,Burgos,Girona,0,0,D
29/05/2022,,Leganes,Almeria,2,2,D
29/05/2022,,Tenerife,Cartagena,1,2,A
29/05/2022,,Real Oviedo,Ibiza,3,2,H
29/05/2022,,Valladolid,Huesca,3,0,H
29/05/2022,,Sporting Gijon,Las Palmas,0,1,A
12/08/2022,21:00,Levante,Huesca,0,0,D
13/08/2022,19:00,Mirandes,Sporting Gijon,1,1,D
13/08/2022,21:00,Leganes,Alaves,1,2,A
13/08/2022,23:00,Las Palmas,Real Zaragoza,0,0,D
13/08/2022,17:00,Eibar,Tenerife,2,1,H
14/08/2022,17:30,Racing Santander,Villarreal B,0,2,A
14/08/2022,19:30,Ibiza,Granada,0,2,A
14/08/2022,22:00,Burgos,Malaga,1,0,H
15/08/2022,19:30,Lugo,Albacete,1,2,A
15/08/2022,22:00,Cartagena,Ponferradina,2,3,A
15/08/2022,17:30,Real Oviedo,Andorra,0,1,A
19/08/2022,22:00,Alaves,Mirandes,1,0,H
19/08/2022,20:00,Villarreal B,Eibar,2,2,D
20/08/2022,17:30,Sporting Gijon,Andorra,4,1,H
20/08/2022,19:30,Albacete,Burgos,0,0,D
20/08/2022,,Real Zaragoza,Levante,0,0,D
20/08/2022,22:00,Granada,Racing Santander,2,0,H
21/08/2022,19:30,Huesca,Cartagena,2,3,A
21/08/2022,22:00,Tenerife,Lugo,1,1,D
21/08/2022,17:30,Real Oviedo,Leganes,1,0,H
22/08/2022,22:00,Malaga,Las Palmas,0,4,A
22/08/2022,20:00,Ponferradina,Ibiza,2,1,H
26/08/2022,20:00,Albacete,Huesca,2,1,H
26/08/2022,22:00,Cartagena,Real Zaragoza,1,0,H
27/08/2022,19:30,Lugo,Leganes,1,0,H
27/08/2022,,Mirandes,Malaga,1,3,A
27/08/2022,22:00,Levante,Tenerife,2,0,H
27/08/2022,17:30,Sporting Gijon,Burgos,0,0,D
28/08/2022,17:30,Racing Santander,Real Oviedo,0,1,A
28/08/2022,19:30,Eibar,Ponferradina,1,0,H
28/08/2022,22:00,Ibiza,Alaves,1,1,D
29/08/2022,22:00,Las Palmas,Andorra,2,0,H
29/08/2022,20:00,Granada,Villarreal B,3,0,H
02/09/2022,21:00,Leganes,Eibar,2,1,H
03/09/2022,14:00,Alaves,Las Palmas,1,1,D
03/09/2022,16:15,Villarreal B,Mirandes,3,0,H
03/09/2022,18:30,Ponferradina,Sporting Gijon,1,3,A
03/09/2022,21:00,Tenerife,Racing Santander,1,0,H
04/09/2022,16:15,Malaga,Albacete,1,2,A
04/09/2022,18:30,Burgos,Cartagena,1,0,H
04/09/2022,,Huesca,Ibiza,3,0,H
04/09/2022,21:00,Real Zaragoza,Lugo,1,2,A
04/09/2022,14:00,Andorra,Granada,1,0,H
05/09/2022,21:00,Real Oviedo,Levante,1,1,D
09/09/2022,21:00,Las Palmas,Leganes,1,0,H
10/09/2022,16:15,Burgos,Real Oviedo,0,0,D
10/09/2022,18:30,Cartagena,Albacete,2,1,H
10/09/2022,21:00,Levante,Villarreal B,4,1,H
10/09/2022,14:00,Lugo,Alaves,1,2,A
11/09/2022,14:00,Sporting Gijon,Racing Santander,0,2,A
11/09/2022,16:15,Mirandes,Andorra,1,1,D
11/09/2022,,Ibiza,Tenerife,1,0,H
11/09/2022,18:30,Ponferradina,Real Zaragoza,1,2,A
11/09/2022,21:00,Huesca,Malaga,1,0,H
12/09/2022,21:00,Eibar,Granada,4,0,H
16/09/2022,21:00,Levante,Cartagena,0,1,A
17/09/2022,14:00,Villarreal B,Lugo,3,1,H
17/09/2022,16:15,Real Oviedo,Ibiza,0,1,A
17/09/2022,18:30,Andorra,Eibar,2,0,H
17/09/2022,,Granada,Mirandes,2,1,H
17/09/2022,21:00,Real Zaragoza,Sporting Gijon,1,0,H
18/09/2022,16:15,Alaves,Huesca,2,1,H
18/09/2022,18:30,Racing Santander,Las Palmas,0,0,D
18/09/2022,21:00,Albacete,Ponferradina,0,1,A
18/09/2022,14:00,Leganes,Burgos,0,0,D
19/09/2022,21:00,Tenerife,Malaga,3,1,H
23/09/2022,21:00,Sporting Gijon,Ibiza,2,1,H
24/09/2022,16:15,Mirandes,Real Zaragoza,2,0,H
24/09/2022,18:30,Malaga,Villarreal B,1,1,D
24/09/2022,,Ponferradina,Tenerife,2,2,D
24/09/2022,14:00,Huesca,Leganes,1,0,H
25/09/2022,14:00,Burgos,Levante,0,0,D
25/09/2022,16:15,Lugo,Real Oviedo,0,0,D
25/09/2022,18:30,Albacete,Andorra,1,1,D
25/09/2022,,Eibar,Racing Santander,2,1,H
26/09/2022,21:00,Las Palmas,Granada,2,0,H
26/09/2022,,Cartagena,Alaves,1,1,D
30/09/2022,21:00,Tenerife,Sporting Gijon,1,1,D
01/10/2022,16:15,Mirandes,Las Palmas,3,3,D
01/10/2022,,Racing Santander,Malaga,0,0,D
01/10/2022,18:30,Andorra,Levante,3,1,H
01/10/2022,21:00,Villarreal B,Burgos,0,0,D
02/10/2022,16:15,Alaves,Ponferradina,3,1,H
02/10/2022,18:30,Granada,Huesca,0,0,D
02/10/2022,,Real Oviedo,Cartagena,1,3,A
02/10/2022,21:00,Ibiza,Lugo,3,2,H
02/10/2022,16:15,Leganes,Albacete,1,2,A
03/10/2022,21:00,Real Zaragoza,Eibar,0,0,D
07/10/2022,21:00,Sporting Gijon,Villarreal B,3,1,H
08/10/2022,18:30,Huesca,Lugo,1,1,D
08/10/2022,,Las Palmas,Ibiza,0,0,D
08/10/2022,21:00,Burgos,Alaves,3,0,H
08/10/2022,16:15,Ponferradina,Granada,0,0,D
09/10/2022,14:00,Cartagena,Leganes,1,2,A
09/10/2022,16:15,Real Zaragoza,Real Oviedo,1,1,D
09/10/2022,18:30,Albacete,Tenerife,1,1,D
09/10/2022,,Levante,Racing Santander,0,1,A
09/10/2022,21:00,Malaga,Andorra,0,0,D
10/10/2022,21:00,Eibar,Mirandes,0,0,D
12/10/2022,14:00,Villarreal B,Ponferradina,2,2,D
12/10/2022,16:15,Andorra,Burgos,0,1,A
12/10/2022,,Leganes,Malaga,1,0,H
12/10/2022,18:30,Tenerife,Cartagena,0,0,D
12/10/2022,,Alaves,Albacete,0,0,D
12/10/2022,,Real Oviedo,Huesca,0,1,A
12/10/2022,21:00,Lugo,Las Palmas,0,1,A
12/10/2022,,Racing Santander,Real Zaragoza,1,0,H
13/10/2022,19:00,Ibiza,Eibar,1,2,A
13/10/2022,21:00,Granada,Sporting Gijon,5,0,H
13/10/2022,19:00,Mirandes,Levante,0,1,A
15/10/2022,16:15,Real Zaragoza,Villarreal B,2,1,H
15/10/2022,18:30,Huesca,Racing Santander,0,0,D
15/10/2022,,Ponferradina,Las Palmas,0,1,A
15/10/2022,21:00,Albacete,Real Oviedo,1,0,H
15/10/2022,16:15,Andorra,Alaves,0,1,A
16/10/2022,14:00,Levante,Leganes,2,1,H
16/10/2022,18:30,Burgos,Mirandes,2,1,H
16/10/2022,,Malaga,Lugo,3,2,H
16/10/2022,21:00,Tenerife,Granada,2,0,H
16/10/2022,,Cartagena,Ibiza,2,0,H
17/10/2022,21:00,Sporting Gijon,Eibar,2,0,H
21/10/2022,21:00,Granada,Real Zaragoza,1,0,H
22/10/2022,16:15,Villarreal B,Andorra,1,0,H
22/10/2022,18:30,Mirandes,Huesca,1,1,D
22/10/2022,,Alaves,Sporting Gijon,0,0,D
22/10/2022,21:00,Ibiza,Levante,1,2,A
23/10/2022,16:15,Lugo,Burgos,2,0,H
23/10/2022,18:30,Leganes,Tenerife,2,1,H
23/10/2022,,Eibar,Albacete,1,1,D
23/10/2022,21:00,Las Palmas,Cartagena,1,0,H
23/10/2022,14:00,Racing Santander,Ponferradina,1,1,D
24/10/2022,21:00,Real Oviedo,Malaga,1,0,H
28/10/2022,21:00,Tenerife,Real Zaragoza,0,2,A
29/10/2022,14:00,Andorra,Ponferradina,3,0,H
29/10/2022,16:15,Huesca,Las Palmas,1,0,H
29/10/2022,18:30,Leganes,Racing Santander,0,0,D
29/10/2022,,Alaves,Real Oviedo,2,1,H
29/10/2022,21:00,Burgos,Ibiza,2,0,H
30/10/2022,16:15,Malaga,Eibar,0,1,A
30/10/2022,18:30,Cartagena,Granada,0,0,D
30/10/2022,21:00,Albacete,Villarreal B,0,0,D
30/10/2022,14:00,Lugo,Mirandes,0,0,D
31/10/2022,21:00,Levante,Sporting Gijon,1,0,H
01/11/2022,16:15,Real Zaragoza,Andorra,0,2,A
01/11/2022,,Ponferradina,Huesca,1,0,H
01/11/2022,18:30,Racing Santander,Alaves,1,1,D
01/11/2022,,Las Palmas,Burgos,0,2,A
01/11/2022,21:00,Ibiza,Leganes,0,2,A
02/11/2022,19:00,Eibar,Lugo,1,0,H
02/11/2022,21:00,Mirandes,Tenerife,1,0,H
02/11/2022,19:00,Villarreal B,Real Oviedo,2,1,H
03/11/2022,19:00,Cartagena,Malaga,2,1,H
03/11/2022,,Sporting Gijon,Albacete,2,2,D
03/11/2022,21:00,Granada,Levante,0,0,D
04/11/2022,21:00,Alaves,Real Zaragoza,1,0,H
05/11/2022,18:30,Andorra,Racing Santander,0,1,A
05/11/2022,,Huesca,Villarreal B,1,0,H
05/11/2022,21:00,Leganes,Ponferradina,2,1,H
05/11/2022,16:15,Burgos,Tenerife,0,1,A
06/11/2022,14:00,Ibiza,Mirandes,1,1,D
06/11/2022,16:15,Real Oviedo,Granada,1,0,H
06/11/2022,18:30,Malaga,Sporting Gijon,1,1,D
06/11/2022,,Las Palmas,Eibar,1,1,D
06/11/2022,21:00,Albacete,Levante,2,3,A
07/11/2022,21:00,Lugo,Cartagena,1,1,D
18/11/2022,21:00,Granada,Albacete,4,0,H
19/11/2022,16:15,Ponferradina,Real Oviedo,1,1,D
19/11/2022,18:30,Tenerife,Huesca,2,0,H
19/11/2022,,Sporting Gijon,Leganes,2,2,D
19/11/2022,21:00,Real Zaragoza,Malaga,1,1,D
20/11/2022,16:15,Andorra,Lugo,4,0,H
20/11/2022,19:00,Racing Santander,Burgos,0,1,A
20/11/2022,,Eibar,Alaves,0,0,D
20/11/2022,21:00,Levante,Las Palmas,1,1,D
20/11/2022,14:00,Villarreal B,Ibiza,1,0,H
21/11/2022,21:00,Mirandes,Cartagena,2,1,H
25/11/2022,21:00,Huesca,Sporting Gijon,0,0,D
26/11/2022,16:15,Malaga,Ponferradina,1,0,H
26/11/2022,18:30,Albacete,Racing Santander,2,1,H
26/11/2022,,Real Oviedo,Mirandes,1,0,H
26/11/2022,22:00,Las Palmas,Tenerife,3,1,H
26/11/2022,16:15,Alaves,Villarreal B,2,0,H
27/11/2022,14:00,Burgos,Real Zaragoza,2,2,D
27/11/2022,16:00,Leganes,Granada,1,0,H
27/11/2022,16:15,Lugo,Levante,1,1,D
27/11/2022,18:00,Cartagena,Eibar,2,1,H
28/11/2022,21:00,Ibiza,Andorra,0,1,A
30/11/2022,21:00,Tenerife,Real Oviedo,0,1,A
02/12/2022,21:30,Granada,Alaves,3,1,H
03/12/2022,18:30,Mirandes,Albacete,4,2,H
03/12/2022,,Sporting Gijon,Las Palmas,0,1,A
03/12/2022,21:00,Villarreal B,Leganes,0,0,D
03/12/2022,16:15,Real Zaragoza,Ibiza,2,1,H
04/12/2022,14:00,Andorra,Cartagena,0,1,A
04/12/2022,16:15,Racing Santander,Lugo,0,1,A
04/12/2022,18:30,Eibar,Huesca,2,1,H
04/12/2022,21:00,Levante,Malaga,1,0,H
05/12/2022,21:00,Ponferradina,Burgos,1,2,A
06/12/2022,19:00,Real Oviedo,Las Palmas,0,0,D
06/12/2022,21:00,Albacete,Real Zaragoza,0,0,D
06/12/2022,19:00,Leganes,Mirandes,2,2,D
07/12/2022,19:00,Cartagena,Villarreal B,0,1,A
07/12/2022,,Huesca,Andorra,1,0,H
07/12/2022,21:00,Tenerife,Alaves,2,1,H
08/12/2022,16:15,Lugo,Sporting Gijon,0,1,A
08/12/2022,18:30,Ibiza,Racing Santander,1,0,H
08/12/2022,,Levante,Ponferradina,0,0,D
08/12/2022,21:00,Malaga,Granada,1,1,D
08/12/2022,14:00,Burgos,Eibar,1,2,A
10/12/2022,19:00,Villarreal B,Tenerife,2,2,D
10/12/2022,21:00,Real Zaragoza,Huesca,3,0,H
10/12/2022,19:00,Andorra,Leganes,1,1,D
11/12/2022,14:00,Ibiza,Malaga,1,1,D
11/12/2022,16:15,Ponferradina,Lugo,1,0,H
11/12/2022,,Sporting Gijon,Cartagena,0,0,D
11/12/2022,18:30,Granada,Burgos,1,0,H
11/12/2022,,Eibar,Real Oviedo,1,0,H
11/12/2022,21:00,Racing Santander,Mirandes,1,2,A
11/12/2022,,Las Palmas,Albacete,1,2,A
12/12/2022,21:00,Alaves,Levante,0,2,A
16/12/2022,21:00,Tenerife,Andorra,1,1,D
17/12/2022,16:15,Lugo,Granada,1,0,H
17/12/2022,,Mirandes,Ponferradina,2,1,H
17/12/2022,18:30,Cartagena,Racing Santander,0,3,A
17/12/2022,,Villarreal B,Las Palmas,0,1,A
17/12/2022,21:00,Real Oviedo,Sporting Gijon,1,0,H
18/12/2022,19:00,Burgos,Huesca,1,1,D
18/12/2022,,Levante,Eibar,0,0,D
18/12/2022,21:00,Malaga,Alaves,1,0,H
18/12/2022,14:00,Albacete,Ibiza,4,0,H
19/12/2022,21:00,Leganes,Real Zaragoza,2,1,H
06/01/2023,16:15,Ponferradina,Villarreal B,2,1,H
06/01/2023,18:30,Sporting Gijon,Levante,1,1,D
06/01/2023,21:00,Leganes,Lugo,1,0,H
07/01/2023,18:30,Malaga,Tenerife,1,1,D
07/01/2023,21:00,Alaves,Burgos,1,0,H
07/01/2023,16:15,Andorra,Real Oviedo,3,1,H
08/01/2023,14:00,Granada,Cartagena,1,0,H
08/01/2023,16:15,Real Zaragoza,Mirandes,0,0,D
08/01/2023,18:30,Las Palmas,Racing Santander,1,1,D
08/01/2023,21:00,Eibar,Ibiza,1,0,H
09/01/2023,21:00,Huesca,Albacete,1,1,D
13/01/2023,21:00,Real Oviedo,Alaves,1,0,H
14/01/2023,14:00,Cartagena,Huesca,0,0,D
14/01/2023,16:15,Villarreal B,Real Zaragoza,2,3,A
14/01/2023,,Ibiza,Las Palmas,1,2,A
14/01/2023,18:30,Tenerife,Ponferradina,0,0,D
14/01/2023,,Racing Santander,Sporting Gijon,2,0,H
14/01/2023,21:00,Levante,Granada,3,1,H
15/01/2023,16:15,Burgos,Andorra,2,1,H
15/01/2023,,Mirandes,Lugo,2,0,H
15/01/2023,14:00,Eibar,Malaga,2,1,H
16/01/2023,21:00,Albacete,Leganes,1,0,H
20/01/2023,21:00,Las Palmas,Mirandes,2,1,H
21/01/2023,16:15,Ponferradina,Eibar,0,1,A
21/01/2023,18:30,Granada,Ibiza,2,0,H
21/01/2023,21:00,Alaves,Racing Santander,3,0,H
21/01/2023,16:15,Malaga,Burgos,1,1,D
22/01/2023,14:00,Leganes,Levante,2,2,D
22/01/2023,16:15,Cartagena,Tenerife,0,1,A
22/01/2023,,Sporting Gijon,Real Zaragoza,1,0,H
22/01/2023,18:30,Huesca,Real Oviedo,1,1,D
22/01/2023,21:00,Lugo,Villarreal B,1,2,A
23/01/2023,21:00,Andorra,Albacete,0,1,A
27/01/2023,21:00,Racing Santander,Tenerife,1,1,D
28/01/2023,18:30,Real Oviedo,Villarreal B,0,1,A
28/01/2023,,Eibar,Leganes,0,0,D
28/01/2023,21:00,Las Palmas,Huesca,1,0,H
28/01/2023,16:15,Granada,Andorra,2,0,H
29/01/2023,14:00,Mirandes,Alaves,1,3,A
29/01/2023,16:15,Levante,Burgos,1,0,H
29/01/2023,18:30,Albacete,Lugo,2,0,H
29/01/2023,,Sporting Gijon,Malaga,0,0,D
29/01/2023,21:00,Ibiza,Cartagena,2,2,D
30/01/2023,21:00,Real Zaragoza,Ponferradina,0,0,D
03/02/2023,21:00,Malaga,Real Oviedo,0,1,A
04/02/2023,16:15,Huesca,Mirandes,1,0,H
04/02/2023,18:30,Tenerife,Albacete,1,0,H
04/02/2023,21:00,Alaves,Eibar,2,0,H
04/02/2023,16:15,Leganes,Sporting Gijon,1,0,H
05/02/2023,14:00,Villarreal B,Granada,0,2,A
05/02/2023,16:15,Andorra,Real Zaragoza,0,1,A
05/02/2023,18:30,Cartagena,Levante,1,2,A
05/02/2023,,Ponferradina,Racing Santander,1,1,D
05/02/2023,21:00,Lugo,Ibiza,0,0,D
06/02/2023,21:00,Burgos,Las Palmas,0,0,D
10/02/2023,21:00,Granada,Tenerife,2,0,H
11/02/2023,16:15,Real Zaragoza,Alaves,1,4,A
11/02/2023,18:30,Mirandes,Villarreal B,2,1,H
11/02/2023,,Levante,Andorra,1,0,H
11/02/2023,21:00,Las Palmas,Lugo,3,0,H
12/02/2023,16:15,Real Oviedo,Burgos,0,1,A
12/02/2023,18:30,Eibar,Cartagena,0,3,A
12/02/2023,,Sporting Gijon,Huesca,1,1,D
12/02/2023,21:00,Ibiza,Ponferradina,1,1,D
12/02/2023,14:00,Albacete,Malaga,3,2,H
13/02/2023,21:00,Racing Santander,Leganes,2,1,H
17/02/2023,21:00,Cartagena,Real Oviedo,2,1,H
18/02/2023,18:30,Leganes,Las Palmas,0,0,D
18/02/2023,,Ponferradina,Levante,0,0,D
18/02/2023,21:00,Tenerife,Mirandes,1,0,H
18/02/2023,16:15,Lugo,Eibar,0,2,A
19/02/2023,14:00,Huesca,Granada,1,1,D
19/02/2023,16:15,Andorra,Sporting Gijon,1,0,H
19/02/2023,,Alaves,Ibiza,4,2,H
19/02/2023,18:30,Burgos,Albacete,1,1,D
19/02/2023,21:00,Villarreal B,Racing Santander,2,1,H
20/02/2023,21:00,Malaga,Real Zaragoza,3,0,H
24/02/2023,21:00,Eibar,Villarreal B,2,0,H
25/02/2023,16:15,Racing Santander,Andorra,2,1,H
25/02/2023,21:00,Mirandes,Leganes,0,0,D
25/02/2023,,Sporting Gijon,Tenerife,1,0,H
25/02/2023,16:15,Alaves,Cartagena,0,0,D
26/02/2023,14:00,Ibiza,Huesca,2,2,D
26/02/2023,16:15,Real Zaragoza,Burgos,0,0,D
26/02/2023,,Levante,Lugo,3,1,H
26/02/2023,18:30,Las Palmas,Ponferradina,2,0,H
26/02/2023,21:00,Real Oviedo,Albacete,1,1,D
27/02/2023,21:00,Granada,Malaga,1,0,H
03/03/2023,21:00,Andorra,Las Palmas,0,0,D
04/03/2023,18:30,Tenerife,Eibar,0,1,A
04/03/2023,,Huesca,Levante,3,0,H
04/03/2023,21:00,Mirandes,Real Oviedo,1,0,H
04/03/2023,16:15,Burgos,Granada,1,3,A
05/03/2023,14:00,Leganes,Ibiza,0,1,A
05/03/2023,16:15,Albacete,Sporting Gijon,2,1,H
05/03/2023,18:30,Lugo,Real Zaragoza,0,0,D
05/03/2023,,Malaga,Racing Santander,0,1,A
05/03/2023,21:00,Ponferradina,Cartagena,0,3,A
06/03/2023,21:00,Villarreal B,Alaves,1,0,H
10/03/2023,21:00,Real Oviedo,Tenerife,0,0,D
11/03/2023,16:15,Eibar,Burgos,1,0,H
11/03/2023,18:30,Alaves,Lugo,0,0,D
11/03/2023,,Ibiza,Villarreal B,0,0,D
11/03/2023,21:00,Las Palmas,Malaga,2,2,D
12/03/2023,16:15,Sporting Gijon,Mirandes,3,4,A
12/03/2023,18:30,Cartagena,Andorra,0,3,A
12/03/2023,,Levante,Albacete,0,0,D
12/03/2023,21:00,Granada,Ponferradina,2,2,D
12/03/2023,14:00,Real Zaragoza,Leganes,3,0,H
13/03/2023,21:00,Racing Santander,Huesca,1,1,D
17/03/2023,21:00,Malaga,Levante,0,0,D
18/03/2023,16:15,Albacete,Granada,1,2,A
18/03/2023,,Leganes,Real Oviedo,0,1,A
18/03/2023,18:30,Tenerife,Las Palmas,4,1,H
18/03/2023,21:00,Ponferradina,Alaves,1,0,H
18/03/2023,14:00,Andorra,Ibiza,2,2,D
19/03/2023,14:00,Burgos,Sporting Gijon,0,0,D
19/03/2023,16:15,Huesca,Real Zaragoza,1,1,D
19/03/2023,18:30,Lugo,Racing Santander,1,1,D
19/03/2023,,Villarreal B,Cartagena,5,2,H
20/03/2023,21:00,Mirandes,Eibar,2,3,A
24/03/2023,21:00,Cartagena,Lugo,2,0,H
25/03/2023,16:15,Ibiza,Burgos,2,0,H
25/03/2023,18:30,Alaves,Tenerife,1,0,H
25/03/2023,16:15,Racing Santander,Levante,0,1,A
26/03/2023,14:00,Eibar,Andorra,0,0,D
26/03/2023,16:15,Real Zaragoza,Albacete,1,1,D
26/03/2023,,Ponferradina,Mirandes,0,0,D
26/03/2023,18:30,Granada,Real Oviedo,1,0,H
26/03/2023,,Villarreal B,Huesca,0,0,D
26/03/2023,21:00,Las Palmas,Sporting Gijon,1,1,D
27/03/2023,21:00,Malaga,Leganes,2,0,H
31/03/2023,21:00,Levante,Real Zaragoza,1,1,D
01/04/2023,18:30,Leganes,Cartagena,1,3,A
01/04/2023,,Tenerife,Villarreal B,1,1,D
01/04/2023,21:00,Real Oviedo,Eibar,1,1,D
01/04/2023,16:15,Burgos,Racing Santander,2,1,H
02/04/2023,14:00,Huesca,Alaves,0,1,A
02/04/2023,16:15,Lugo,Ponferradina,0,0,D
02/04/2023,18:30,Andorra,Malaga,1,0,H
02/04/2023,,Sporting Gijon,Granada,1,0,H
02/04/2023,21:00,Mirandes,Ibiza,2,2,D
03/04/2023,21:00,Albacete,Las Palmas,1,2,A
07/04/2023,21:00,Villarreal B,Malaga,1,2,A
07/04/2023,18:30,Lugo,Tenerife,0,0,D
08/04/2023,16:15,Real Zaragoza,Granada,1,0,H
08/04/2023,18:30,Ibiza,Sporting Gijon,1,3,A
08/04/2023,21:00,Racing Santander,Albacete,4,1,H
09/04/2023,16:15,Eibar,Levante,1,1,D
09/04/2023,18:30,Cartagena,Mirandes,1,0,H
09/04/2023,,Ponferradina,Leganes,0,1,A
09/04/2023,21:00,Las Palmas,Real Oviedo,0,1,A
09/04/2023,14:00,Huesca,Burgos,2,1,H
10/04/2023,21:00,Alaves,Andorra,0,0,D
14/04/2023,21:00,Albacete,Eibar,3,1,H
15/04/2023,18:30,Real Oviedo,Lugo,2,1,H
15/04/2023,,Real Zaragoza,Racing Santander,4,1,H
15/04/2023,21:00,Burgos,Ponferradina,2,2,D
15/04/2023,16:15,Granada,Las Palmas,2,1,H
16/04/2023,14:00,Andorra,Huesca,1,0,H
16/04/2023,16:15,Sporting Gijon,Alaves,0,0,D
16/04/2023,18:30,Tenerife,Ibiza,4,0,H
16/04/2023,,Malaga,Cartagena,1,0,H
16/04/2023,21:00,Leganes,Villarreal B,1,0,H
17/04/2023,21:00,Levante,Mirandes,1,2,A
21/04/2023,21:00,Eibar,Real Zaragoza,1,1,D
22/04/2023,14:00,Villarreal B,Albacete,1,2,A
22/04/2023,16:15,Cartagena,Sporting Gijon,2,1,H
22/04/2023,,Ponferradina,Andorra,1,4,A
22/04/2023,18:30,Las Palmas,Levante,0,0,D
22/04/2023,21:00,Ibiza,Real Oviedo,1,2,A
23/04/2023,18:30,Mirandes,Burgos,2,1,H
23/04/2023,,Racing Santander,Granada,1,0,H
23/04/2023,21:00,Alaves,Leganes,2,1,H
23/04/2023,14:00,Lugo,Malaga,0,2,A
24/04/2023,21:00,Huesca,Tenerife,1,1,D
28/04/2023,21:00,Racing Santander,Ibiza,1,0,H
29/04/2023,18:30,Albacete,Cartagena,1,1,D
29/04/2023,21:00,Tenerife,Leganes,1,0,H
29/04/2023,16:15,Levante,Alaves,2,0,H
30/04/2023,14:00,Andorra,Mirandes,0,1,A
30/04/2023,16:15,Real Oviedo,Ponferradina,3,2,H
30/04/2023,18:30,Granada,Eibar,1,1,D
30/04/2023,21:00,Real Zaragoza,Las Palmas,1,1,D
01/05/2023,18:30,Malaga,Huesca,0,0,D
01/05/2023,21:00,Burgos,Villarreal B,1,0,H
01/05/2023,16:15,Sporting Gijon,Lugo,3,1,H
05/05/2023,21:00,Alaves,Granada,1,1,D
06/05/2023,16:15,Mirandes,Racing Santander,1,1,D
06/05/2023,18:30,Leganes,Huesca,2,1,H
06/05/2023,,Tenerife,Levante,1,0,H
07/05/2023,16:15,Ponferradina,Malaga,2,0,H
07/05/2023,,Ibiza,Albacete,0,5,A
07/05/2023,18:30,Lugo,Andorra,2,2,D
07/05/2023,,Real Oviedo,Real Zaragoza,2,1,H
07/05/2023,21:00,Cartagena,Burgos,0,0,D
07/05/2023,14:00,Villarreal B,Sporting Gijon,2,0,H
08/05/2023,21:00,Eibar,Las Palmas,0,1,A
12/05/2023,21:00,Burgos,Leganes,0,3,A
13/05/2023,18:30,Granada,Lugo,2,0,H
13/05/2023,,Real Zaragoza,Cartagena,2,0,H
13/05/2023,21:00,Malaga,Mirandes,2,0,H
13/05/2023,16:15,Sporting Gijon,Real Oviedo,1,1,D
14/05/2023,14:00,Racing Santander,Eibar,1,0,H
14/05/2023,16:15,Andorra,Tenerife,1,0,H
14/05/2023,18:30,Albacete,Alaves,1,1,D
14/05/2023,,Huesca,Ponferradina,1,1,D
14/05/2023,21:00,Las Palmas,Villarreal B,1,1,D
15/05/2023,21:00,Levante,Ibiza,0,0,D
20/05/2023,16:15,Ibiza,Real Zaragoza,1,0,H
20/05/2023,18:30,Lugo,Huesca,1,2,A
20/05/2023,,Mirandes,Granada,1,3,A
20/05/2023,,Alaves,Malaga,2,1,H
20/05/2023,,Cartagena,Las Palmas,1,4,A
20/05/2023,,Villarreal B,Levante,2,3,A
20/05/2023,,Eibar,Sporting Gijon,2,2,D
20/05/2023,,Ponferradina,Albacete,1,1,D
20/05/2023,21:00,Tenerife,Burgos,2,1,H
21/05/2023,16:15,Real Oviedo,Racing Santander,1,0,H
21/05/2023,18:30,Leganes,Andorra,1,1,D
26/05/2023,21:00,Real Zaragoza,Tenerife,1,1,D
27/05/2023,16:15,Andorra,Villarreal B,4,3,H
27/05/2023,,Burgos,Lugo,0,1,A
27/05/2023,18:30,Albacete,Mirandes,2,1,H
27/05/2023,,Malaga,Ibiza,1,1,D
27/05/2023,21:00,Granada,Leganes,2,0,H
27/05/2023,,Huesca,Eibar,0,1,A
27/05/2023,,Las Palmas,Alaves,0,0,D
27/05/2023,,Levante,Real Oviedo,2,1,H
28/05/2023,16:15,Sporting Gijon,Ponferradina,1,4,A
28/05/2023,,Racing Santander,Cartagena,3,1,H
11/08/2023,21:30,Valladolid,Sporting Gijon,2,0,H
11/08/2023,19:00,Amorebieta,Levante,1,1,D
12/08/2023,21:00,Real Zaragoza,Villarreal B,2,0,H
12/08/2023,22:00,Elche,Racing Ferrol,0,1,A
12/08/2023,19:00,Racing Santander,Eibar,4,0,H
13/08/2023,17:00,Burgos,Huesca,1,1,D
13/08/2023,19:30,Albacete,Espanyol,1,1,D
13/08/2023,,Cartagena,Eldense,0,1,A
13/08/2023,22:00,Leganes,Andorra,0,1,A
14/08/2023,21:30,Tenerife,Real Oviedo,1,0,H
14/08/2023,19:00,Mirandes,Alcorcon,4,0,H
18/08/2023,21:30,Real Zaragoza,Valladolid,1,0,H
18/08/2023,19:00,Andorra,Cartagena,3,2,H
19/08/2023,17:00,Eibar,Elche,2,1,H
19/08/2023,19:00,Espanyol,Racing Santander,2,0,H
19/08/2023,19:30,Levante,Burgos,3,2,H
19/08/2023,22:00,Alcorcon,Leganes,0,2,A
20/08/2023,19:30,Sporting Gijon,Mirandes,3,0,H
20/08/2023,22:00,Albacete,Amorebieta,2,2,D
20/08/2023,17:00,Real Oviedo,Racing Ferrol,1,1,D
21/08/2023,21:30,Huesca,Tenerife,0,2,A
21/08/2023,19:00,Villarreal B,Eldense,3,1,H
25/08/2023,21:30,Cartagena,Levante,0,1,A
26/08/2023,19:00,Tenerife,Real Zaragoza,0,1,A
26/08/2023,21:30,Elche,Villarreal B,1,0,H
26/08/2023,,Valladolid,Alcorcon,0,2,A
26/08/2023,17:00,Burgos,Real Oviedo,1,0,H
27/08/2023,17:00,Racing Ferrol,Sporting Gijon,2,0,H
27/08/2023,19:30,Amorebieta,Andorra,3,0,H
27/08/2023,,Mirandes,Espanyol,0,1,A
27/08/2023,21:30,Leganes,Albacete,2,0,H
28/08/2023,21:30,Racing Santander,Huesca,0,0,D
28/08/2023,19:00,Eldense,Eibar,2,1,H
01/09/2023,21:30,Albacete,Valladolid,2,0,H
01/09/2023,19:30,Alcorcon,Racing Ferrol,1,1,D
02/09/2023,18:30,Levante,Real Oviedo,1,1,D
02/09/2023,21:00,Elche,Racing Santander,1,1,D
02/09/2023,,Villarreal B,Cartagena,1,2,A
02/09/2023,16:15,Sporting Gijon,Burgos,2,1,H
03/09/2023,14:00,Andorra,Tenerife,0,1,A
03/09/2023,16:15,Eibar,Leganes,0,1,A
03/09/2023,18:30,Espanyol,Amorebieta,3,2,H
03/09/2023,,Real Zaragoza,Eldense,2,0,H
03/09/2023,,Huesca,Mirandes,1,1,D
08/09/2023,21:00,Levante,Espanyol,1,4,A
09/09/2023,18:30,Real Oviedo,Sporting Gijon,0,0,D
09/09/2023,21:00,Leganes,Huesca,2,0,H
09/09/2023,,Tenerife,Albacete,2,0,H
09/09/2023,16:15,Burgos,Eibar,1,0,H
10/09/2023,16:15,Racing Ferrol,Villarreal B,2,2,D
10/09/2023,,Racing Santander,Amorebieta,1,0,H
10/09/2023,18:30,Mirandes,Andorra,4,3,H
10/09/2023,,Cartagena,Real Zaragoza,1,3,A
10/09/2023,21:00,Valladolid,Elche,1,1,D
11/09/2023,21:00,Eldense,Alcorcon,2,2,D
15/09/2023,21:30,Real Zaragoza,Racing Santander,1,1,D
16/09/2023,16:15,Huesca,Villarreal B,2,2,D
16/09/2023,18:30,Alcorcon,Levante,0,2,A
16/09/2023,,Valladolid,Cartagena,1,0,H
16/09/2023,21:00,Albacete,Burgos,2,1,H
17/09/2023,16:15,Eibar,Racing Ferrol,2,0,H
17/09/2023,18:30,Espanyol,Eldense,3,3,D
17/09/2023,,Elche,Leganes,1,0,H
17/09/2023,21:00,Sporting Gijon,Tenerife,2,1,H
17/09/2023,14:00,Amorebieta,Mirandes,2,0,H
18/09/2023,21:00,Andorra,Real Oviedo,1,0,H
22/09/2023,21:00,Cartagena,Eibar,1,2,A
23/09/2023,16:15,Levante,Eldense,2,0,H
23/09/2023,18:30,Burgos,Elche,4,0,H
23/09/2023,21:00,Alcorcon,Huesca,0,2,A
23/09/2023,,Racing Santander,Albacete,2,1,H
23/09/2023,14:00,Andorra,Sporting Gijon,0,0,D
24/09/2023,14:00,Villarreal B,Amorebieta,3,1,H
24/09/2023,16:15,Real Oviedo,Valladolid,0,1,A
24/09/2023,18:30,Mirandes,Leganes,1,3,A
25/09/2023,22:00,Tenerife,Espanyol,1,0,H
25/09/2023,21:00,Racing Ferrol,Real Zaragoza,1,0,H
29/09/2023,21:00,Leganes,Racing Santander,2,1,H
30/09/2023,16:15,Eibar,Tenerife,3,0,H
30/09/2023,18:30,Elche,Levante,0,0,D
30/09/2023,21:00,Albacete,Andorra,3,1,H
30/09/2023,,Villarreal B,Alcorcon,2,2,D
01/10/2023,16:15,Real Zaragoza,Mirandes,0,1,A
01/10/2023,18:30,Amorebieta,Cartagena,0,0,D
01/10/2023,,Valladolid,Burgos,3,0,H
01/10/2023,21:00,Huesca,Sporting Gijon,0,1,A
01/10/2023,14:00,Eldense,Real Oviedo,1,3,A
02/10/2023,21:00,Espanyol,Racing Ferrol,3,0,H
03/10/2023,19:00,Levante,Villarreal B,1,1,D
03/10/2023,21:30,Tenerife,Racing Santander,2,0,H
03/10/2023,19:00,Alcorcon,Albacete,1,2,A
04/10/2023,19:00,Eldense,Valladolid,0,1,A
04/10/2023,,Real Oviedo,Huesca,1,0,H
04/10/2023,21:30,Burgos,Leganes,1,0,H
04/10/2023,,Sporting Gijon,Elche,2,0,H
05/10/2023,19:00,Mirandes,Eibar,1,3,A
05/10/2023,21:30,Cartagena,Espanyol,0,2,A
05/10/2023,,Racing Ferrol,Amorebieta,1,0,H
05/10/2023,19:00,Andorra,Real Zaragoza,0,1,A
06/10/2023,21:00,Albacete,Levante,0,2,A
07/10/2023,16:15,Huesca,Eldense,0,1,A
07/10/2023,18:30,Racing Santander,Sporting Gijon,3,2,H
07/10/2023,21:00,Leganes,Real Oviedo,0,0,D
08/10/2023,16:15,Valladolid,Mirandes,3,2,H
08/10/2023,18:30,Tenerife,Burgos,2,1,H
08/10/2023,,Racing Ferrol,Cartagena,1,1,D
08/10/2023,21:00,Real Zaragoza,Alcorcon,0,2,A
08/10/2023,14:00,Amorebieta,Eibar,1,2,A
09/10/2023,19:00,Elche,Andorra,2,1,H
09/10/2023,21:00,Villarreal B,Espanyol,3,1,H
13/10/2023,21:00,Real Oviedo,Albacete,3,0,H
14/10/2023,18:30,Cartagena,Racing Santander,2,3,A
14/10/2023,,Sporting Gijon,Real Zaragoza,2,2,D
14/10/2023,21:00,Espanyol,Valladolid,2,0,H
14/10/2023,16:15,Mirandes,Tenerife,1,1,D
15/10/2023,14:00,Burgos,Villarreal B,3,2,H
15/10/2023,16:15,Andorra,Alcorcon,2,0,H
15/10/2023,,Eldense,Elche,1,1,D
15/10/2023,18:30,Leganes,Amorebieta,6,0,H
15/10/2023,,Eibar,Huesca,1,1,D
16/10/2023,21:00,Levante,Racing Ferrol,1,0,H
20/10/2023,21:00,Espanyol,Leganes,0,1,A
21/10/2023,16:15,Villarreal B,Mirandes,0,3,A
21/10/2023,18:30,Tenerife,Levante,0,0,D
21/10/2023,21:00,Real Zaragoza,Eibar,2,3,A
21/10/2023,16:15,Amorebieta,Real Oviedo,0,0,D
22/10/2023,14:00,Racing Ferrol,Eldense,1,1,D
22/10/2023,16:15,Huesca,Elche,0,1,A
22/10/2023,18:30,Albacete,Sporting Gijon,1,3,A
22/10/2023,,Racing Santander,Burgos,3,0,H
22/10/2023,21:00,Valladolid,Andorra,2,0,H
23/10/2023,21:00,Alcorcon,Cartagena,1,1,D
27/10/2023,21:00,Eibar,Valladolid,5,1,H
28/10/2023,18:30,Andorra,Levante,2,0,H
28/10/2023,,Sporting Gijon,Espanyol,2,0,H
28/10/2023,21:00,Elche,Tenerife,2,1,H
28/10/2023,14:00,Eldense,Amorebieta,2,0,H
29/10/2023,14:00,Mirandes,Cartagena,2,1,H
29/10/2023,16:15,Huesca,Albacete,0,0,D
29/10/2023,18:30,Leganes,Villarreal B,1,0,H
29/10/2023,,Real Oviedo,Alcorcon,2,0,H
29/10/2023,21:00,Racing Santander,Racing Ferrol,1,3,A
30/10/2023,21:00,Burgos,Real Zaragoza,1,1,D
03/11/2023,21:00,Espanyol,Eibar,2,2,D
04/11/2023,16:15,Villarreal B,Sporting Gijon,0,3,A
04/11/2023,18:30,Valladolid,Tenerife,2,0,H
04/11/2023,,Levante,Mirandes,2,2,D
04/11/2023,21:00,Albacete,Elche,1,1,D
05/11/2023,16:15,Amorebieta,Huesca,0,1,A
05/11/2023,18:30,Alcorcon,Racing Santander,3,1,H
05/11/2023,,Cartagena,Leganes,0,3,A
05/11/2023,21:00,Eldense,Burgos,2,0,H
05/11/2023,14:00,Racing Ferrol,Andorra,1,0,H
06/11/2023,21:00,Real Zaragoza,Real Oviedo,0,0,D
10/11/2023,20:30,Leganes,Levante,2,1,H
11/11/2023,18:30,Mirandes,Racing Ferrol,1,2,A
11/11/2023,,Elche,Real Zaragoza,2,0,H
11/11/2023,21:00,Sporting Gijon,Amorebieta,1,1,D
11/11/2023,16:15,Racing Santander,Valladolid,2,3,A
12/11/2023,14:00,Burgos,Alcorcon,4,2,H
12/11/2023,16:15,Andorra,Eldense,1,3,A
12/11/2023,18:30,Tenerife,Villarreal B,0,1,A
12/11/2023,,Huesca,Espanyol,1,1,D
12/11/2023,21:00,Eibar,Albacete,1,1,D
13/11/2023,21:00,Real Oviedo,Cartagena,1,1,D
17/11/2023,21:00,Valladolid,Leganes,1,1,D
18/11/2023,16:15,Alcorcon,Sporting Gijon,0,0,D
18/11/2023,18:30,Amorebieta,Tenerife,2,0,H
18/11/2023,,Real Zaragoza,Huesca,0,2,A
18/11/2023,21:00,Espanyol,Elche,2,0,H
19/11/2023,16:15,Eldense,Mirandes,2,2,D
19/11/2023,,Real Oviedo,Eibar,2,1,H
19/11/2023,18:30,Cartagena,Albacete,1,1,D
19/11/2023,,Villarreal B,Andorra,0,0,D
19/11/2023,14:00,Racing Ferrol,Burgos,1,1,D
20/11/2023,21:00,Levante,Racing Santander,2,4,A
24/11/2023,21:00,Huesca,Valladolid,0,1,A
25/11/2023,16:15,Racing Santander,Villarreal B,2,0,H
25/11/2023,18:30,Albacete,Real Zaragoza,1,0,H
25/11/2023,21:00,Eibar,Levante,3,1,H
25/11/2023,16:15,Burgos,Andorra,0,0,D
26/11/2023,14:00,Leganes,Racing Ferrol,2,2,D
26/11/2023,16:15,Mirandes,Real Oviedo,2,1,H
26/11/2023,,Elche,Amorebieta,2,0,H
26/11/2023,18:30,Tenerife,Cartagena,1,1,D
26/11/2023,21:00,Espanyol,Alcorcon,2,0,H
27/11/2023,21:00,Sporting Gijon,Eldense,2,0,H
01/12/2023,20:30,Real Oviedo,Espanyol,2,0,H
02/12/2023,16:15,Eldense,Tenerife,0,3,A
02/12/2023,,Cartagena,Sporting Gijon,1,0,H
02/12/2023,18:30,Real Zaragoza,Leganes,1,0,H
02/12/2023,21:00,Levante,Valladolid,2,1,H
03/12/2023,16:15,Alcorcon,Elche,0,2,A
03/12/2023,18:30,Mirandes,Racing Santander,0,0,D
03/12/2023,,Racing Ferrol,Albacete,5,4,H
03/12/2023,21:00,Amorebieta,Burgos,0,1,A
03/12/2023,14:00,Andorra,Huesca,1,0,H
04/12/2023,20:30,Villarreal B,Eibar,1,0,H
08/12/2023,21:00,Espanyol,Real Zaragoza,1,1,D
08/12/2023,18:30,Albacete,Villarreal B,2,0,H
09/12/2023,18:30,Sporting Gijon,Levante,0,0,D
09/12/2023,21:00,Burgos,Mirandes,0,0,D
09/12/2023,16:15,Valladolid,Amorebieta,2,1,H
10/12/2023,14:00,Elche,Cartagena,1,2,A
10/12/2023,16:15,Racing Santander,Real Oviedo,2,2,D
10/12/2023,18:30,Leganes,Eldense,1,1,D
10/12/2023,,Eibar,Andorra,2,2,D
10/12/2023,21:00,Huesca,Racing Ferrol,1,0,H
11/12/2023,21:00,Tenerife,Alcorcon,1,0,H
15/12/2023,20:30,Real Oviedo,Elche,3,2,H
16/12/2023,14:00,Eldense,Racing Santander,3,3,D
16/12/2023,16:15,Andorra,Espanyol,1,1,D
16/12/2023,18:30,Cartagena,Burgos,0,3,A
16/12/2023,,Sporting Gijon,Leganes,1,1,D
16/12/2023,21:00,Mirandes,Albacete,2,0,H
17/12/2023,16:15,Levante,Huesca,2,1,H
17/12/2023,18:30,Amorebieta,Real Zaragoza,1,1,D
17/12/2023,21:00,Racing Ferrol,Tenerife,3,1,H
17/12/2023,14:00,Alcorcon,Eibar,1,0,H
18/12/2023,20:30,Villarreal B,Valladolid,1,0,H
19/12/2023,19:00,Racing Santander,Andorra,2,0,H
19/12/2023,21:30,Espanyol,Burgos,3,3,D
19/12/2023,,Elche,Mirandes,0,0,D
19/12/2023,19:00,Albacete,Eldense,1,1,D
20/12/2023,19:00,Real Zaragoza,Levante,2,2,D
20/12/2023,21:30,Leganes,Tenerife,1,1,D
20/12/2023,,Eibar,Sporting Gijon,1,1,D
21/12/2023,19:00,Huesca,Cartagena,3,0,H
21/12/2023,21:30,Amorebieta,Alcorcon,1,2,A
21/12/2023,,Valladolid,Racing Ferrol,0,1,A
21/12/2023,19:00,Villarreal B,Real Oviedo,1,1,D
12/01/2024,20:30,Eibar,Racing Santander,2,0,H
13/01/2024,14:00,Alcorcon,Mirandes,0,0,D
13/01/2024,16:15,Levante,Albacete,3,2,H
13/01/2024,18:30,Tenerife,Elche,0,1,A
13/01/2024,,Real Oviedo,Amorebieta,1,1,D
13/01/2024,21:00,Burgos,Valladolid,1,0,H
13/01/2024,,Racing Ferrol,Espanyol,0,0,D
14/01/2024,16:15,Cartagena,Villarreal B,4,1,H
14/01/2024,,Sporting Gijon,Huesca,0,0,D
14/01/2024,14:00,Andorra,Leganes,2,3,A
15/01/2024,20:30,Eldense,Real Zaragoza,1,1,D
19/01/2024,20:30,Real Zaragoza,Andorra,2,0,H
20/01/2024,14:00,Albacete,Alcorcon,0,1,A
20/01/2024,16:15,Amorebieta,Eldense,0,2,A
20/01/2024,18:30,Tenerife,Sporting Gijon,1,2,A
20/01/2024,,Espanyol,Villarreal B,2,1,H
20/01/2024,21:00,Racing Ferrol,Real Oviedo,1,3,A
21/01/2024,16:15,Mirandes,Levante,1,1,D
21/01/2024,18:30,Huesca,Eibar,2,3,A
21/01/2024,21:00,Elche,Valladolid,0,0,D
21/01/2024,14:00,Racing Santander,Cartagena,0,2,A
22/01/2024,20:30,Leganes,Burgos,2,0,H
26/01/2024,20:30,Eibar,Mirandes,1,0,H
27/01/2024,16:15,Cartagena,Amorebieta,1,0,H
27/01/2024,18:30,Real Oviedo,Leganes,1,0,H
27/01/2024,21:00,Levante,Tenerife,0,0,D
27/01/2024,16:15,Alcorcon,Real Zaragoza,0,0,D
28/01/2024,14:00,Eldense,Espanyol,3,2,H
28/01/2024,16:15,Andorra,Elche,0,1,A
28/01/2024,,Villarreal B,Huesca,1,1,D
28/01/2024,18:30,Burgos,Albacete,2,1,H
28/01/2024,21:00,Sporting Gijon,Racing Ferrol,1,2,A
29/01/2024,20:30,Valladolid,Racing Santander,3,1,H
02/02/2024,20:30,Elche,Burgos,2,0,H
03/02/2024,14:00,Albacete,Cartagena,1,1,D
03/02/2024,16:15,Mirandes,Villarreal B,3,0,H
03/02/2024,,Huesca,Alcorcon,1,0,H
03/02/2024,18:30,Leganes,Valladolid,0,0,D
03/02/2024,21:00,Tenerife,Andorra,0,0,D
04/02/2024,16:15,Amorebieta,Racing Santander,0,1,A
04/02/2024,,Real Oviedo,Eldense,1,1,D
04/02/2024,18:30,Espanyol,Levante,2,1,H
04/02/2024,14:00,Racing Ferrol,Eibar,1,1,D
05/02/2024,20:30,Real Zaragoza,Sporting Gijon,3,0,H
09/02/2024,20:30,Levante,Leganes,0,0,D
10/02/2024,16:15,Eldense,Huesca,0,0,D
10/02/2024,18:30,Sporting Gijon,Real Oviedo,1,0,H
10/02/2024,21:00,Racing Santander,Espanyol,2,0,H
10/02/2024,16:15,Amorebieta,Elche,1,0,H
11/02/2024,14:00,Villarreal B,Tenerife,1,0,H
11/02/2024,16:15,Alcorcon,Andorra,1,0,H
11/02/2024,,Cartagena,Mirandes,1,0,H
11/02/2024,18:30,Eibar,Real Zaragoza,1,0,H
11/02/2024,21:00,Burgos,Racing Ferrol,2,0,H
12/02/2024,20:30,Valladolid,Albacete,0,0,D
16/02/2024,20:30,Real Zaragoza,Cartagena,1,2,A
17/02/2024,16:15,Andorra,Villarreal B,1,1,D
17/02/2024,,Real Oviedo,Burgos,5,0,H
17/02/2024,18:30,Sporting Gijon,Valladolid,1,1,D
17/02/2024,21:00,Espanyol,Mirandes,3,0,H
18/02/2024,16:15,Leganes,Alcorcon,3,0,H
18/02/2024,,Racing Ferrol,Levante,0,0,D
18/02/2024,18:30,Huesca,Amorebieta,0,0,D
18/02/2024,21:00,Elche,Eibar,0,0,D
18/02/2024,14:00,Albacete,Racing Santander,2,0,H
19/02/2024,20:30,Tenerife,Eldense,1,0,H
23/02/2024,20:30,Valladolid,Real Oviedo,3,0,H
24/02/2024,18:30,Villarreal B,Real Zaragoza,0,0,D
24/02/2024,,Eibar,Espanyol,2,3,A
24/02/2024,16:15,Racing Santander,Leganes,2,1,H
25/02/2024,14:00,Eldense,Racing Ferrol,2,0,H
25/02/2024,16:15,Alcorcon,Tenerife,1,1,D
25/02/2024,,Burgos,Sporting Gijon,1,0,H
25/02/2024,18:30,Cartagena,Elche,0,1,A
25/02/2024,21:00,Amorebieta,Albacete,1,1,D
26/02/2024,20:30,Mirandes,Huesca,0,3,A
01/03/2024,20:30,Sporting Gijon,Albacete,2,1,H
02/03/2024,21:00,Burgos,Cartagena,3,0,H
02/03/2024,14:00,Eldense,Villarreal B,2,0,H
02/03/2024,16:15,Espanyol,Huesca,0,0,D
02/03/2024,,Racing Ferrol,Racing Santander,2,2,D
02/03/2024,18:30,Real Oviedo,Levante,3,2,H
03/03/2024,14:00,Andorra,Valladolid,2,1,H
03/03/2024,16:15,Tenerife,Mirandes,2,1,H
03/03/2024,18:30,Real Zaragoza,Amorebieta,0,1,A
03/03/2024,21:00,Leganes,Eibar,0,2,A
04/03/2024,20:30,Elche,Alcorcon,3,0,H
08/03/2024,20:30,Huesca,Andorra,2,0,H
09/03/2024,16:15,Albacete,Real Oviedo,1,2,A
09/03/2024,18:30,Mirandes,Eldense,3,1,H
09/03/2024,,Valladolid,Real Zaragoza,2,0,H
09/03/2024,21:00,Cartagena,Racing Ferrol,2,1,H
10/03/2024,14:00,Racing Santander,Tenerife,4,2,H
10/03/2024,18:30,Eibar,Burgos,0,1,A
10/03/2024,16:15,Villarreal B,Elche,0,1,A
10/03/2024,,Levante,Sporting Gijon,1,0,H
10/03/2024,21:00,Alcorcon,Espanyol,1,1,D
11/03/2024,20:30,Amorebieta,Leganes,0,1,A
13/03/2024,19:00,Levante,Andorra,0,0,D
15/03/2024,20:30,Eldense,Cartagena,0,0,D
16/03/2024,14:00,Burgos,Levante,1,1,D
16/03/2024,16:15,Eibar,Villarreal B,2,0,H
16/03/2024,18:30,Tenerife,Huesca,0,0,D
16/03/2024,,Real Oviedo,Racing Santander,1,1,D
16/03/2024,21:00,Sporting Gijon,Alcorcon,1,0,H
17/03/2024,16:15,Racing Ferrol,Valladolid,2,0,H
17/03/2024,18:30,Elche,Albacete,3,2,H
17/03/2024,,Real Zaragoza,Espanyol,0,1,A
17/03/2024,14:00,Leganes,Mirandes,4,0,H
18/03/2024,20:30,Andorra,Amorebieta,0,1,A
23/03/2024,18:30,Cartagena,Andorra,1,0,H
23/03/2024,,Villarreal B,Leganes,1,2,A
23/03/2024,21:00,Espanyol,Tenerife,1,1,D
23/03/2024,16:15,Alcorcon,Real Oviedo,1,0,H
24/03/2024,14:00,Amorebieta,Sporting Gijon,3,1,H
24/03/2024,16:15,Valladolid,Eibar,3,1,H
24/03/2024,,Huesca,Burgos,3,0,H
24/03/2024,18:30,Mirandes,Real Zaragoza,0,0,D
24/03/2024,,Levante,Elche,3,2,H
24/03/2024,21:00,Racing Santander,Eldense,2,1,H
25/03/2024,20:30,Albacete,Racing Ferrol,1,1,D
29/03/2024,20:30,Burgos,Espanyol,0,0,D
30/03/2024,14:00,Valladolid,Levante,0,0,D
30/03/2024,16:15,Andorra,Mirandes,1,0,H
30/03/2024,,Leganes,Cartagena,0,0,D
30/03/2024,,Eibar,Eldense,5,1,H
30/03/2024,18:30,Albacete,Huesca,1,1,D
30/03/2024,,Sporting Gijon,Racing Santander,2,3,A
31/03/2024,16:15,Racing Ferrol,Elche,1,0,H
31/03/2024,,Real Zaragoza,Tenerife,3,1,H
31/03/2024,18:30,Real Oviedo,Villarreal B,2,1,H
31/03/2024,14:00,Alcorcon,Amorebieta,1,1,D
05/04/2024,20:30,Amorebieta,Racing Ferrol,3,1,H
05/04/2024,,Elche,Real Oviedo,0,2,A
06/04/2024,18:30,Levante,Real Zaragoza,2,1,H
06/04/2024,16:15,Eldense,Andorra,0,2,A
07/04/2024,14:00,Huesca,Leganes,0,0,D
07/04/2024,16:15,Mirandes,Sporting Gijon,1,3,A
07/04/2024,,Villarreal B,Burgos,2,1,H
07/04/2024,18:30,Tenerife,Eibar,2,1,H
07/04/2024,,Espanyol,Albacete,2,1,H
07/04/2024,21:00,Cartagena,Valladolid,0,2,A
08/04/2024,20:30,Racing Santander,Alcorcon,0,1,A
12/04/2024,20:30,Leganes,Espanyol,0,0,D
13/04/2024,18:30,Valladolid,Eldense,1,0,H
13/04/2024,21:00,Levante,Amorebieta,1,2,A
13/04/2024,16:15,Sporting Gijon,Cartagena,1,0,H
14/04/2024,14:00,Real Oviedo,Mirandes,1,1,D
14/04/2024,16:15,Albacete,Tenerife,1,0,H
14/04/2024,,Andorra,Eibar,0,2,A
14/04/2024,18:30,Burgos,Racing Santander,2,1,H
14/04/2024,,Real Zaragoza,Elche,1,1,D
14/04/2024,21:00,Racing Ferrol,Huesca,2,1,H
15/04/2024,20:30,Alcorcon,Villarreal B,1,0,H
19/04/2024,20:30,Tenerife,Leganes,0,0,D
20/04/2024,14:00,Amorebieta,Valladolid,0,3,A
20/04/2024,16:15,Villarreal B,Racing Ferrol,1,0,H
20/04/2024,,Racing Santander,Levante,0,0,D
20/04/2024,18:30,Elche,Sporting Gijon,2,1,H
20/04/2024,21:00,Huesca,Real Zaragoza,1,2,A
21/04/2024,16:15,Eldense,Albacete,0,1,A
21/04/2024,,Eibar,Alcorcon,2,0,H
21/04/2024,18:30,Mirandes,Burgos,2,1,H
21/04/2024,14:00,Espanyol,Andorra,1,1,D
22/04/2024,20:30,Cartagena,Real Oviedo,2,0,H
26/04/2024,20:30,Andorra,Racing Santander,1,1,D
27/04/2024,16:15,Leganes,Real Zaragoza,1,1,D
27/04/2024,18:30,Elche,Espanyol,2,2,D
27/04/2024,16:15,Burgos,Amorebieta,2,2,D
28/04/2024,14:00,Sporting Gijon,Villarreal B,0,3,A
28/04/2024,16:15,Alcorcon,Eldense,0,0,D
28/04/2024,,Real Oviedo,Tenerife,0,1,A
28/04/2024,18:30,Valladolid,Huesca,1,0,H
28/04/2024,,Levante,Cartagena,0,1,A
28/04/2024,21:00,Albacete,Eibar,2,1,H
29/04/2024,20:30,Racing Ferrol,Mirandes,0,2,A
03/05/2024,20:30,Villarreal B,Levante,0,3,A
04/05/2024,16:15,Huesca,Real Oviedo,0,2,A
04/05/2024,18:30,Racing Santander,Elche,3,1,H
04/05/2024,21:00,Cartagena,Alcorcon,1,0,H
04/05/2024,14:00,Mirandes,Valladolid,0,1,A
05/05/2024,14:00,Eibar,Amorebieta,5,0,H
05/05/2024,16:15,Andorra,Albacete,0,1,A
05/05/2024,,Espanyol,Sporting Gijon,0,0,D
05/05/2024,18:30,Eldense,Leganes,1,2,A
05/05/2024,,Real Zaragoza,Burgos,1,3,A
05/05/2024,21:00,Tenerife,Racing Ferrol,2,0,H
10/05/2024,20:30,Burgos,Eldense,1,2,A
11/05/2024,16:15,Racing Ferrol,Alcorcon,2,1,H
11/05/2024,,Sporting Gijon,Andorra,5,2,H
11/05/2024,18:30,Valladolid,Espanyol,0,0,D
11/05/2024,21:00,Levante,Eibar,2,2,D
11/05/2024,14:00,Racing Santander,Mirandes,1,0,H
12/05/2024,14:00,Amorebieta,Villarreal B,2,0,H
12/05/2024,16:15,Real Oviedo,Real Zaragoza,1,0,H
12/05/2024,18:30,Albacete,Leganes,1,0,H
12/05/2024,,Cartagena,Tenerife,2,0,H
12/05/2024,21:00,Elche,Huesca,0,3,A
17/05/2024,20:30,Mirandes,Elche,1,1,D
18/05/2024,14:00,Andorra,Burgos,1,0,H
18/05/2024,16:15,Leganes,Sporting Gijon,2,1,H
18/05/2024,,Huesca,Racing Santander,0,3,A
18/05/2024,21:00,Tenerife,Amorebieta,0,1,A
18/05/2024,,Eldense,Levante,0,0,D
19/05/2024,16:15,Alcorcon,Valladolid,1,1,D
19/05/2024,21:00,Real Zaragoza,Racing Ferrol,2,2,D
19/05/2024,14:00,Eibar,Cartagena,1,0,H
20/05/2024,20:30,Villarreal B,Albacete,2,2,D
20/05/2024,,Espanyol,Real Oviedo,2,1,H
26/05/2024,18:30,Albacete,Mirandes,2,2,D
26/05/2024,,Amorebieta,Espanyol,0,0,D
26/05/2024,,Burgos,Tenerife,1,1,D
26/05/2024,,Cartagena,Huesca,0,2,A
26/05/2024,,Elche,Eldense,1,2,A
26/05/2024,,Racing Ferrol,Leganes,2,2,D
26/05/2024,,Racing Santander,Real Zaragoza,0,2,A
26/05/2024,,Real Oviedo,Andorra,3,0,H
26/05/2024,,Valladolid,Villarreal B,3,2,H
26/05/2024,,Sporting Gijon,Eibar,1,0,H
26/05/2024,,Levante,Alcorcon,2,2,D
02/06/2024,16:15,Alcorcon,Burgos,1,1,D
02/06/2024,,Andorra,Racing Ferrol,1,0,H
02/06/2024,,Huesca,Levante,0,0,D
02/06/2024,18:30,Leganes,Elche,2,0,H
02/06/2024,,Mirandes,Amorebieta,1,0,H
02/06/2024,,Tenerife,Valladolid,2,1,H
02/06/2024,,Eldense,Sporting Gijon,0,1,A
02/06/2024,,Espanyol,Cartagena,3,0,H
02/06/2024,,Villarreal B,Racing Santander,1,0,H
02/06/2024,,Eibar,Real Oviedo,4,3,H
02/06/2024,21:00,Real Zaragoza,Albacete,1,1,D
15/08/2024,20:30,Granada,Albacete,1,2,A
16/08/2024,19:00,Mirandes,Cordoba,1,0,H
16/08/2024,21:30,Cadiz,Real Zaragoza,0,4,A
17/08/2024,17:00,Racing Ferrol,Malaga,2,2,D
17/08/2024,,Eibar,Castellon,1,0,H
17/08/2024,19:00,Deportivo La Coruna,Real Oviedo,0,1,A
18/08/2024,17:00,Racing Santander,Almeria,2,2,D
18/08/2024,,Sporting Gijon,Levante,1,2,A
18/08/2024,19:30,Burgos,Cartagena,3,1,H
18/08/2024,,Elche,Huesca,0,1,A
19/08/2024,20:30,Eldense,Tenerife,2,1,H
23/08/2024,19:00,Racing Santander,Eibar,2,2,D
23/08/2024,21:30,Huesca,Deportivo La Coruna,2,1,H
24/08/2024,17:00,Racing Ferrol,Granada,0,1,A
24/08/2024,,Sporting Gijon,Eldense,0,0,D
24/08/2024,19:00,Levante,Cadiz,1,1,D
24/08/2024,21:30,Malaga,Mirandes,1,1,D
24/08/2024,,Tenerife,Almeria,0,1,A
25/08/2024,19:00,Albacete,Elche,1,0,H
25/08/2024,21:30,Castellon,Real Oviedo,0,0,D
26/08/2024,19:00,Cartagena,Real Zaragoza,1,2,A
26/08/2024,21:30,Cordoba,Burgos,2,2,D
30/08/2024,19:00,Granada,Huesca,1,3,A
30/08/2024,21:30,Real Oviedo,Racing Santander,1,3,A
31/08/2024,19:00,Cadiz,Tenerife,2,2,D
31/08/2024,21:30,Almeria,Sporting Gijon,1,1,D
31/08/2024,,Malaga,Albacete,2,1,H
01/09/2024,17:00,Burgos,Castellon,0,2,A
01/09/2024,,Deportivo La Coruna,Racing Ferrol,1,0,H
01/09/2024,19:00,Mirandes,Real Zaragoza,0,0,D
01/09/2024,,Eldense,Cartagena,1,2,A
02/09/2024,19:00,Eibar,Levante,2,2,D
02/09/2024,21:30,Elche,Cordoba,3,1,H
06/09/2024,21:00,Tenerife,Racing Santander,0,1,A
07/09/2024,16:15,Granada,Deportivo La Coruna,1,1,D
07/09/2024,18:30,Huesca,Burgos,0,1,A
07/09/2024,,Sporting Gijon,Real Oviedo,3,1,H
07/09/2024,21:00,Cordoba,Malaga,0,0,D
08/09/2024,14:00,Racing Ferrol,Mirandes,0,0,D
08/09/2024,16:15,Cartagena,Levante,0,1,A
08/09/2024,18:30,Eldense,Almeria,1,0,H
08/09/2024,,Real Zaragoza,Elche,3,0,H
09/09/2024,21:00,Albacete,Eibar,0,1,A
09/09/2024,,Castellon,Cadiz,1,3,A
13/09/2024,20:30,Cordoba,Deportivo La Coruna,2,0,H
14/09/2024,16:15,Eibar,Tenerife,1,0,H
14/09/2024,,Levante,Eldense,3,1,H
14/09/2024,18:30,Racing Santander,Sporting Gijon,1,0,H
14/09/2024,,Malaga,Huesca,1,0,H
15/09/2024,14:00,Mirandes,Albacete,2,0,H
15/09/2024,16:15,Real Oviedo,Cartagena,1,0,H
15/09/2024,18:30,Burgos,Real Zaragoza,1,0,H
15/09/2024,,Cadiz,Racing Ferrol,0,0,D
15/09/2024,21:00,Elche,Granada,2,2,D
16/09/2024,20:30,Almeria,Castellon,2,5,A
20/09/2024,20:30,Granada,Malaga,2,2,D
21/09/2024,16:15,Racing Ferrol,Albacete,1,4,A
21/09/2024,18:30,Eldense,Real Oviedo,1,1,D
21/09/2024,,Deportivo La Coruna,Burgos,0,2,A
21/09/2024,21:00,Real Zaragoza,Levante,2,1,H
22/09/2024,14:00,Tenerife,Sporting Gijon,1,1,D
22/09/2024,16:15,Castellon,Racing Santander,0,1,A
22/09/2024,,Cartagena,Cadiz,1,2,A
22/09/2024,18:30,Elche,Mirandes,1,0,H
22/09/2024,21:00,Almeria,Eibar,2,2,D
23/09/2024,20:30,Huesca,Cordoba,4,1,H
27/09/2024,20:30,Albacete,Deportivo La Coruna,2,5,A
28/09/2024,16:15,Cadiz,Eldense,1,2,A
28/09/2024,,Mirandes,Huesca,1,0,H
28/09/2024,18:30,Sporting Gijon,Real Zaragoza,1,0,H
28/09/2024,21:00,Malaga,Elche,0,3,A
29/09/2024,14:00,Levante,Almeria,4,2,H
29/09/2024,16:15,Burgos,Granada,2,2,D
29/09/2024,,Castellon,Tenerife,2,1,H
29/09/2024,18:30,Cordoba,Racing Ferrol,3,1,H
29/09/2024,,Real Oviedo,Eibar,1,0,H
30/09/2024,20:30,Racing Santander,Cartagena,1,2,A
04/10/2024,20:30,Huesca,Cadiz,3,1,H
05/10/2024,14:00,Racing Ferrol,Elche,1,0,H
05/10/2024,16:15,Eibar,Sporting Gijon,1,3,A
05/10/2024,,Mirandes,Granada,0,1,A
05/10/2024,18:30,Almeria,Burgos,2,0,H
05/10/2024,,Real Zaragoza,Racing Santander,2,3,A
05/10/2024,21:00,Tenerife,Cartagena,2,0,H
06/10/2024,14:00,Deportivo La Coruna,Malaga,0,0,D
06/10/2024,16:15,Eldense,Castellon,2,3,A
06/10/2024,18:30,Levante,Real Oviedo,0,0,D
06/10/2024,21:00,Albacete,Cordoba,1,1,D
11/10/2024,20:30,Tenerife,Real Zaragoza,2,3,A
12/10/2024,16:15,Cartagena,Racing Ferrol,0,1,A
12/10/2024,18:30,Cadiz,Malaga,2,2,D
12/10/2024,,Eibar,Eldense,1,0,H
13/10/2024,14:00,Huesca,Albacete,2,2,D
13/10/2024,16:15,Real Oviedo,Almeria,3,2,H
13/10/2024,,Racing Santander,Levante,1,0,H
13/10/2024,18:30,Burgos,Mirandes,0,1,A
13/10/2024,,Granada,Cordoba,1,0,H
13/10/2024,21:00,Elche,Deportivo La Coruna,0,0,D
14/10/2024,20:30,Sporting Gijon,Castellon,2,1,H
18/10/2024,20:30,Cordoba,Cartagena,2,1,H
19/10/2024,16:15,Deportivo La Coruna,Eldense,1,1,D
19/10/2024,,Malaga,Real Oviedo,0,0,D
19/10/2024,18:30,Castellon,Levante,2,0,H
19/10/2024,,Granada,Tenerife,4,0,H
19/10/2024,21:00,Mirandes,Eibar,1,0,H
20/10/2024,14:00,Cadiz,Racing Santander,0,1,A
20/10/2024,16:15,Racing Ferrol,Huesca,0,0,D
20/10/2024,18:30,Elche,Sporting Gijon,2,1,H
20/10/2024,,Real Zaragoza,Almeria,1,2,A
21/10/2024,20:30,Albacete,Burgos,2,0,H
22/10/2024,19:00,Real Oviedo,Mirandes,4,1,H
22/10/2024,21:00,Castellon,Granada,2,3,A
23/10/2024,19:00,Eldense,Real Zaragoza,2,3,A
23/10/2024,,Eibar,Cadiz,1,0,H
23/10/2024,21:00,Cartagena,Elche,0,0,D
23/10/2024,,Racing Santander,Cordoba,2,0,H
24/10/2024,19:00,Almeria,Albacete,3,1,H
24/10/2024,,Levante,Deportivo La Coruna,2,1,H
24/10/2024,21:00,Burgos,Racing Ferrol,1,1,D
24/10/2024,,Sporting Gijon,Huesca,2,1,H
24/10/2024,,Tenerife,Malaga,0,0,D
26/10/2024,16:15,Cadiz,Real Oviedo,2,0,H
26/10/2024,,Mirandes,Cartagena,3,1,H
26/10/2024,18:30,Cordoba,Eldense,2,0,H
26/10/2024,,Real Zaragoza,Castellon,1,2,A
27/10/2024,14:00,Malaga,Eibar,1,0,H
27/10/2024,16:15,Deportivo La Coruna,Racing Santander,1,2,A
27/10/2024,,Elche,Burgos,1,0,H
27/10/2024,18:30,Albacete,Sporting Gijon,3,3,D
27/10/2024,,Huesca,Almeria,2,2,D
27/10/2024,21:00,Granada,Levante,1,2,A
28/10/2024,20:30,Racing Ferrol,Tenerife,1,1,D
02/11/2024,14:00,Eibar,Elche,0,2,A
02/11/2024,16:15,Cartagena,Deportivo La Coruna,1,5,A
02/11/2024,,Sporting Gijon,Cadiz,2,0,H
02/11/2024,18:30,Racing Santander,Albacete,1,1,D
02/11/2024,,Real Zaragoza,Granada,2,1,H
03/11/2024,14:00,Real Oviedo,Burgos,3,1,H
03/11/2024,18:30,Tenerife,Mirandes,1,0,H
20/11/2024,20:00,Eldense,Huesca,2,1,H
26/11/2024,20:30,Almeria,Cordoba,4,0,H
27/11/2024,19:00,Castellon,Racing Ferrol,0,0,D
27/11/2024,,Levante,Malaga,4,2,H
08/11/2024,20:30,Elche,Almeria,1,2,A
09/11/2024,16:15,Mirandes,Cadiz,2,2,D
09/11/2024,18:30,Huesca,Real Zaragoza,1,1,D
09/11/2024,,Granada,Eldense,3,2,H
09/11/2024,21:00,Malaga,Cartagena,1,0,H
10/11/2024,14:00,Cordoba,Castellon,2,2,D
10/11/2024,16:15,Burgos,Sporting Gijon,0,2,A
10/11/2024,,Racing Ferrol,Racing Santander,1,2,A
10/11/2024,18:30,Albacete,Real Oviedo,2,2,D
11/11/2024,20:30,Deportivo La Coruna,Eibar,1,0,H
07/01/2025,21:30,Tenerife,Levante,0,3,A
16/11/2024,14:00,Eibar,Racing Ferrol,2,0,H
16/11/2024,16:15,Castellon,Mirandes,1,3,A
16/11/2024,,Eldense,Albacete,2,0,H
16/11/2024,18:30,Racing Santander,Burgos,2,0,H
16/11/2024,,Levante,Elche,1,1,D
16/11/2024,21:00,Sporting Gijon,Granada,1,2,A
17/11/2024,16:15,Cadiz,Cordoba,2,0,H
17/11/2024,,Real Oviedo,Tenerife,3,1,H
17/11/2024,18:30,Almeria,Deportivo La Coruna,2,1,H
17/11/2024,,Cartagena,Huesca,1,0,H
17/11/2024,21:00,Real Zaragoza,Malaga,0,0,D
22/11/2024,20:30,Racing Ferrol,Levante,0,0,D
23/11/2024,14:00,Cartagena,Almeria,1,2,A
23/11/2024,16:15,Granada,Cadiz,0,0,D
23/11/2024,18:30,Burgos,Eibar,1,0,H
23/11/2024,,Cordoba,Real Zaragoza,2,2,D
23/11/2024,21:00,Malaga,Racing Santander,0,0,D
24/11/2024,14:00,Albacete,Tenerife,2,1,H
24/11/2024,16:15,Deportivo La Coruna,Sporting Gijon,1,1,D
24/11/2024,,Mirandes,Eldense,1,0,H
24/11/2024,18:30,Huesca,Castellon,1,1,D
24/11/2024,21:00,Elche,Real Oviedo,4,0,H
29/11/2024,20:30,Real Oviedo,Huesca,0,3,A
30/11/2024,16:15,Almeria,Granada,2,1,H
30/11/2024,,Real Zaragoza,Albacete,0,1,A
30/11/2024,18:30,Cadiz,Deportivo La Coruna,2,4,A
30/11/2024,,Racing Santander,Mirandes,0,1,A
30/11/2024,21:00,Tenerife,Elche,1,1,D
01/12/2024,14:00,Castellon,Malaga,2,0,H
01/12/2024,18:30,Eldense,Racing Ferrol,0,0,D
01/12/2024,,Levante,Burgos,3,1,H
01/12/2024,21:00,Sporting Gijon,Cordoba,2,0,H
02/12/2024,20:30,Eibar,Cartagena,1,0,H
06/12/2024,20:30,Mirandes,Levante,2,1,H
07/12/2024,14:00,Elche,Cadiz,2,1,H
07/12/2024,16:15,Granada,Racing Santander,3,0,H
07/12/2024,18:30,Deportivo La Coruna,Real Zaragoza,1,1,D
07/12/2024,21:00,Huesca,Eibar,2,1,H
08/12/2024,14:00,Racing Ferrol,Real Oviedo,1,5,A
08/12/2024,16:15,Malaga,Almeria,1,1,D
08/12/2024,18:30,Albacete,Castellon,0,0,D
08/12/2024,,Burgos,Eldense,1,0,H
08/12/2024,21:00,Cordoba,Tenerife,3,0,H
09/12/2024,20:30,Cartagena,Sporting Gijon,1,0,H
13/12/2024,20:30,Almeria,Mirandes,1,0,H
14/12/2024,14:00,Levante,Cordoba,2,2,D
14/12/2024,16:15,Cadiz,Albacete,1,0,H
14/12/2024,,Castellon,Cartagena,4,1,H
14/12/2024,18:30,Eibar,Real Zaragoza,2,1,H
14/12/2024,,Eldense,Elche,0,0,D
14/12/2024,21:00,Real Oviedo,Granada,2,0,H
15/12/2024,14:00,Sporting Gijon,Racing Ferrol,1,3,A
15/12/2024,16:15,Burgos,Malaga,0,0,D
15/12/2024,18:30,Racing Santander,Huesca,0,1,A
29/01/2025,21:00,Tenerife,Deportivo La Coruna,0,0,D
17/12/2024,19:00,Albacete,Levante,0,0,D
17/12/2024,,Granada,Cartagena,4,1,H
17/12/2024,21:15,Cordoba,Eibar,2,1,H
17/12/2024,,Real Zaragoza,Real Oviedo,2,3,A
18/12/2024,19:00,Racing Ferrol,Almeria,1,4,A
18/12/2024,21:15,Mirandes,Sporting Gijon,1,1,D
18/12/2024,,Malaga,Eldense,3,0,H
19/12/2024,19:00,Elche,Racing Santander,3,0,H
19/12/2024,,Cadiz,Burgos,1,1,D
19/12/2024,21:15,Huesca,Tenerife,1,0,H
19/12/2024,,Deportivo La Coruna,Castellon,5,1,H
20/12/2024,20:30,Cartagena,Albacete,0,0,D
21/12/2024,14:00,Eibar,Granada,1,1,D
21/12/2024,16:15,Real Oviedo,Cordoba,2,3,A
21/12/2024,18:30,Real Zaragoza,Racing Ferrol,1,0,H
21/12/2024,,Sporting Gijon,Malaga,1,3,A
22/12/2024,14:00,Burgos,Tenerife,1,0,H
22/12/2024,16:15,Castellon,Elche,0,2,A
22/12/2024,18:30,Almeria,Cadiz,1,1,D
22/12/2024,,Racing Santander,Eldense,2,2,D
22/12/2024,21:00,Deportivo La Coruna,Mirandes,0,4,A
22/12/2024,,Levante,Huesca,1,1,D
10/01/2025,20:30,Granada,Burgos,0,0,D
11/01/2025,14:00,Racing Ferrol,Cartagena,0,0,D
11/01/2025,16:15,Albacete,Racing Santander,2,2,D
11/01/2025,,Huesca,Mirandes,1,0,H
11/01/2025,18:30,Tenerife,Castellon,2,0,H
11/01/2025,,Malaga,Deportivo La Coruna,1,1,D
11/01/2025,21:00,Real Oviedo,Sporting Gijon,1,1,D
12/01/2025,14:00,Cordoba,Almeria,0,3,A
12/01/2025,16:15,Cadiz,Levante,0,0,D
12/01/2025,,Elche,Real Zaragoza,1,0,H
13/01/2025,20:30,Eldense,Eibar,1,3,A
17/01/2025,20:30,Cartagena,Real Oviedo,0,1,A
18/01/2025,16:15,Eldense,Cadiz,1,4,A
18/01/2025,18:30,Eibar,Albacete,1,1,D
18/01/2025,,Sporting Gijon,Elche,1,1,D
18/01/2025,21:00,Levante,Granada,3,1,H
19/01/2025,14:00,Burgos,Deportivo La Coruna,0,1,A
19/01/2025,16:15,Racing Santander,Racing Ferrol,6,0,H
19/01/2025,18:30,Castellon,Cordoba,1,2,A
19/01/2025,,Real Zaragoza,Tenerife,2,2,D
19/01/2025,21:00,Almeria,Huesca,0,0,D
20/01/2025,20:30,Mirandes,Malaga,3,2,H
24/01/2025,20:30,Elche,Eibar,2,0,H
25/01/2025,16:15,Cordoba,Racing Santander,1,2,A
25/01/2025,18:30,Deportivo La Coruna,Levante,1,2,A
25/01/2025,,Huesca,Cartagena,4,0,H
25/01/2025,21:00,Tenerife,Eldense,0,1,A
26/01/2025,14:00,Granada,Sporting Gijon,3,1,H
26/01/2025,16:15,Albacete,Almeria,2,1,H
26/01/2025,,Real Oviedo,Castellon,1,0,H
26/01/2025,18:30,Malaga,Real Zaragoza,1,2,A
27/01/2025,20:30,Cadiz,Mirandes,3,1,H
05/03/2025,20:00,Racing Ferrol,Burgos,0,1,A
31/01/2025,20:30,Eldense,Granada,0,3,A
01/02/2025,14:00,Mirandes,Elche,3,0,H
01/02/2025,16:15,Sporting Gijon,Burgos,2,0,H
01/02/2025,18:30,Almeria,Real Oviedo,1,1,D
01/02/2025,21:00,Racing Santander,Malaga,2,1,H
02/02/2025,14:00,Castellon,Huesca,0,1,A
02/02/2025,16:15,Eibar,Deportivo La Coruna,0,1,A
02/02/2025,18:30,Cartagena,Cordoba,0,1,A
02/02/2025,,Real Zaragoza,Cadiz,0,0,D
02/02/2025,21:00,Tenerife,Albacete,3,1,H
03/02/2025,20:30,Levante,Racing Ferrol,0,1,A
07/02/2025,20:30,Albacete,Real Zaragoza,2,1,H
08/02/2025,14:00,Racing Ferrol,Castellon,1,3,A
08/02/2025,16:15,Granada,Mirandes,0,0,D
08/02/2025,18:30,Sporting Gijon,Eibar,0,0,D
08/02/2025,,Malaga,Levante,1,1,D
09/02/2025,14:00,Elche,Tenerife,2,0,H
09/02/2025,16:15,Burgos,Racing Santander,2,1,H
09/02/2025,,Cordoba,Huesca,1,2,A
09/02/2025,18:30,Cadiz,Cartagena,5,2,H
09/02/2025,,Deportivo La Coruna,Almeria,3,1,H
10/02/2025,20:30,Real Oviedo,Eldense,0,0,D
14/02/2025,20:30,Mirandes,Racing Ferrol,4,1,H
15/02/2025,14:00,Castellon,Eibar,2,0,H
15/02/2025,16:15,Cartagena,Malaga,0,1,A
15/02/2025,18:30,Racing Santander,Cadiz,2,3,A
15/02/2025,21:00,Tenerife,Cordoba,2,3,A
16/02/2025,14:00,Levante,Sporting Gijon,0,0,D
16/02/2025,16:15,Eldense,Deportivo La Coruna,2,0,H
16/02/2025,,Huesca,Granada,1,1,D
16/02/2025,18:30,Real Zaragoza,Burgos,0,1,A
16/02/2025,21:00,Real Oviedo,Albacete,1,0,H
17/02/2025,20:30,Almeria,Elche,1,1,D
21/02/2025,20:30,Malaga,Tenerife,1,0,H
22/02/2025,14:00,Racing Ferrol,Cordoba,0,1,A
22/02/2025,16:15,Burgos,Real Oviedo,1,2,A
22/02/2025,,Eibar,Racing Santander,2,2,D
22/02/2025,18:30,Granada,Real Zaragoza,2,2,D
22/02/2025,21:00,Sporting Gijon,Almeria,1,1,D
23/02/2025,14:00,Deportivo La Coruna,Huesca,0,0,D
23/02/2025,16:15,Elche,Cartagena,2,1,H
23/02/2025,18:30,Albacete,Eldense,0,1,A
23/02/2025,,Levante,Mirandes,1,0,H
23/02/2025,21:00,Cadiz,Castellon,0,0,D
28/02/2025,20:30,Cartagena,Eibar,0,2,A
01/03/2025,16:15,Castellon,Burgos,2,1,H
01/03/2025,,Huesca,Racing Ferrol,3,1,H
01/03/2025,18:30,Real Zaragoza,Sporting Gijon,1,1,D
01/03/2025,21:00,Almeria,Malaga,2,2,D
02/03/2025,14:00,Cordoba,Granada,5,0,H
02/03/2025,16:15,Real Oviedo,Deportivo La Coruna,1,2,A
02/03/2025,18:30,Albacete,Cadiz,3,0,H
02/03/2025,,Eldense,Levante,1,2,A
02/03/2025,21:00,Racing Santander,Elche,2,0,H
03/03/2025,20:30,Mirandes,Tenerife,2,0,H
07/03/2025,19:00,Eibar,Almeria,1,0,H
07/03/2025,21:00,Deportivo La Coruna,Cordoba,1,1,D
08/03/2025,16:15,Mirandes,Real Oviedo,1,0,H
08/03/2025,18:30,Elche,Castellon,3,1,H
08/03/2025,,Sporting Gijon,Racing Santander,1,1,D
08/03/2025,21:00,Real Zaragoza,Eldense,2,4,A
09/03/2025,14:00,Tenerife,Huesca,2,0,H
09/03/2025,16:15,Malaga,Cadiz,0,2,A
09/03/2025,18:30,Levante,Cartagena,3,0,H
09/03/2025,21:00,Granada,Racing Ferrol,3,0,H
10/03/2025,20:30,Burgos,Albacete,1,0,H
14/03/2025,20:30,Real Oviedo,Elche,1,1,D
15/03/2025,14:00,Racing Ferrol,Eibar,0,0,D
15/03/2025,16:15,Albacete,Malaga,2,0,H
15/03/2025,,Cartagena,Burgos,0,1,A
15/03/2025,18:30,Almeria,Real Zaragoza,4,1,H
15/03/2025,21:00,Cordoba,Sporting Gijon,1,1,D
16/03/2025,14:00,Eldense,Mirandes,2,2,D
16/03/2025,16:15,Huesca,Levante,1,2,A
16/03/2025,,Racing Santander,Tenerife,2,1,H
16/03/2025,18:30,Cadiz,Granada,1,0,H
17/03/2025,20:30,Castellon,Deportivo La Coruna,2,2,D
21/03/2025,20:30,Burgos,Almeria,3,1,H
22/03/2025,16:15,Elche,Eldense,2,0,H
22/03/2025,18:30,Mirandes,Racing Santander,2,1,H
22/03/2025,,Malaga,Racing Ferrol,2,0,H
22/03/2025,21:00,Granada,Real Oviedo,1,0,H
23/03/2025,14:00,Levante,Castellon,3,2,H
23/03/2025,16:15,Eibar,Huesca,2,1,H
23/03/2025,,Sporting Gijon,Albacete,0,2,A
23/03/2025,18:30,Tenerife,Cadiz,2,1,H
23/03/2025,,Deportivo La Coruna,Cartagena,2,2,D
24/03/2025,20:30,Real Zaragoza,Cordoba,1,1,D
28/03/2025,20:30,Tenerife,Granada,2,1,H
29/03/2025,14:00,Eldense,Burgos,0,0,D
29/03/2025,16:15,Racing Ferrol,Deportivo La Coruna,0,1,A
29/03/2025,18:30,Cartagena,Castellon,2,2,D
29/03/2025,,Racing Santander,Real Zaragoza,2,0,H
29/03/2025,21:00,Almeria,Levante,1,0,H
30/03/2025,14:00,Cordoba,Elche,1,2,A
30/03/2025,16:15,Real Oviedo,Malaga,2,1,H
30/03/2025,18:30,Albacete,Mirandes,3,2,H
30/03/2025,,Huesca,Sporting Gijon,3,2,H
31/03/2025,20:30,Cadiz,Eibar,0,0,D
04/04/2025,20:30,Castellon,Albacete,2,2,D
05/04/2025,16:15,Eibar,Real Oviedo,1,1,D
05/04/2025,18:30,Cartagena,Eldense,0,1,A
05/04/2025,,Granada,Almeria,3,1,H
05/04/2025,21:00,Sporting Gijon,Tenerife,1,3,A
06/04/2025,14:00,Real Zaragoza,Mirandes,1,0,H
06/04/2025,16:15,Levante,Racing Santander,3,1,H
06/04/2025,18:30,Burgos,Huesca,2,1,H
06/04/2025,,Malaga,Cordoba,0,1,A
06/04/2025,21:00,Deportivo La Coruna,Cadiz,1,0,H
07/04/2025,20:30,Elche,Racing Ferrol,1,0,H
11/04/2025,20:30,Cordoba,Levante,2,2,D
12/04/2025,16:15,Real Zaragoza,Eibar,2,2,D
12/04/2025,18:30,Cadiz,Elche,0,1,A
12/04/2025,,Tenerife,Burgos,0,0,D
12/04/2025,21:00,Real Oviedo,Racing Ferrol,3,0,H
13/04/2025,14:00,Albacete,Granada,0,2,A
13/04/2025,16:15,Racing Santander,Castellon,1,1,D
13/04/2025,18:30,Eldense,Sporting Gijon,1,2,A
13/04/2025,,Mirandes,Deportivo La Coruna,2,2,D
13/04/2025,21:00,Almeria,Cartagena,2,1,H
14/04/2025,20:30,Huesca,Malaga,1,0,H
18/04/2025,19:00,Sporting Gijon,Mirandes,3,1,H
18/04/2025,21:00,Castellon,Almeria,4,1,H
19/04/2025,14:00,Racing Ferrol,Eldense,1,0,H
19/04/2025,16:15,Huesca,Racing Santander,1,3,A
19/04/2025,18:30,Levante,Real Zaragoza,5,2,H
19/04/2025,21:00,Burgos,Cadiz,2,2,D
20/04/2025,14:00,Cartagena,Granada,2,3,A
20/04/2025,16:15,Cordoba,Real Oviedo,0,0,D
20/04/2025,18:30,Elche,Albacete,2,2,D
20/04/2025,21:00,Deportivo La Coruna,Tenerife,0,0,D
21/04/2025,20:30,Eibar,Malaga,2,2,D
25/04/2025,20:30,Cadiz,Sporting Gijon,1,0,H
26/04/2025,14:00,Albacete,Cartagena,3,1,H
26/04/2025,16:15,Eldense,Cordoba,1,1,D
26/04/2025,,Real Oviedo,Levante,1,0,H
26/04/2025,18:30,Mirandes,Burgos,2,1,H
26/04/2025,,Granada,Elche,1,1,D
27/04/2025,16:15,Racing Santander,Deportivo La Coruna,2,1,H
27/04/2025,18:30,Malaga,Castellon,1,0,H
27/04/2025,,Tenerife,Eibar,1,1,D
27/04/2025,21:00,Real Zaragoza,Huesca,1,1,D
29/04/2025,20:30,Almeria,Racing Ferrol,2,1,H
02/05/2025,20:30,Cordoba,Cadiz,4,2,H
03/05/2025,16:15,Huesca,Real Oviedo,1,2,A
03/05/2025,18:30,Eibar,Mirandes,0,1,A
03/05/2025,,Malaga,Granada,1,0,H
03/05/2025,21:00,Burgos,Elche,0,1,A
04/05/2025,14:00,Levante,Tenerife,1,1,D
04/05/2025,16:15,Racing Ferrol,Real Zaragoza,1,2,A
04/05/2025,18:30,Almeria,Eldense,5,0,H
04/05/2025,,Cartagena,Racing Santander,1,0,H
04/05/2025,21:00,Deportivo La Coruna,Albacete,5,1,H
05/05/2025,20:30,Castellon,Sporting Gijon,4,3,H
09/05/2025,20:30,Cadiz,Almeria,2,1,H
10/05/2025,16:15,Mirandes,Castellon,3,2,H
10/05/2025,,Sporting Gijon,Deportivo La Coruna,2,1,H
10/05/2025,18:30,Burgos,Cordoba,3,2,H
10/05/2025,,Elche,Levante,1,3,A
10/05/2025,21:00,Real Zaragoza,Cartagena,3,2,H
11/05/2025,14:00,Racing Santander,Real Oviedo,1,1,D
11/05/2025,18:30,Albacete,Huesca,3,2,H
11/05/2025,,Eldense,Malaga,1,0,H
11/05/2025,21:00,Tenerife,Racing Ferrol,0,0,D
12/05/2025,20:30,Granada,Eibar,0,2,A
16/05/2025,20:30,Levante,Albacete,1,0,H
17/05/2025,16:15,Deportivo La Coruna,Granada,2,3,A
17/05/2025,,Eibar,Burgos,1,0,H
17/05/2025,18:30,Cartagena,Tenerife,1,0,H
17/05/2025,,Huesca,Elche,2,1,H
17/05/2025,21:00,Malaga,Sporting Gijon,2,1,H
18/05/2025,14:00,Racing Ferrol,Cadiz,1,0,H
18/05/2025,16:15,Castellon,Eldense,1,1,D
18/05/2025,,Real Oviedo,Real Zaragoza,1,0,H
18/05/2025,21:00,Almeria,Racing Santander,2,0,H
19/05/2025,20:30,Cordoba,Mirandes,1,2,A
24/05/2025,18:30,Albacete,Racing Ferrol,2,0,H
25/05/2025,18:30,Burgos,Levante,2,3,A
25/05/2025,,Cadiz,Huesca,4,0,H
25/05/2025,,Elche,Malaga,2,0,H
25/05/2025,,Eldense,Racing Santander,3,3,D
25/05/2025,,Mirandes,Almeria,0,0,D
25/05/2025,,Sporting Gijon,Cartagena,3,2,H
25/05/2025,,Granada,Castellon,2,1,H
25/05/2025,,Eibar,Cordoba,4,1,H
25/05/2025,,Real Zaragoza,Deportivo La Coruna,1,0,H
25/05/2025,,Tenerife,Real Oviedo,0,1,A
30/05/2025,20:30,Castellon,Real Zaragoza,4,1,H
31/05/2025,16:15,Racing Ferrol,Sporting Gijon,0,2,A
15/08/2025,20:30,Burgos,Cultural Leonesa,5,1,H
15/08/2025,,Valladolid,Ceuta,3,0,H
16/08/2025,16:00,Racing Santander,Castellon,3,1,H
16/08/2025,18:30,Malaga,Eibar,1,1,D
16/08/2025,20:30,Granada,Deportivo La Coruna,1,3,A
17/08/2025,16:00,Real Sociedad B,Real Zaragoza,1,0,H
17/08/2025,18:30,Cadiz,Mirandes,1,0,H
17/08/2025,20:30,Huesca,Leganes,1,1,D
17/08/2025,,Las Palmas,Andorra,1,1,D
18/08/2025,18:00,Sporting Gijon,Cordoba,2,1,H
18/08/2025,20:30,Almeria,Albacete,4,4,D
22/08/2025,18:30,Eibar,Granada,3,0,H
22/08/2025,20:30,Castellon,Valladolid,0,1,A
22/08/2025,,Leganes,Cadiz,1,1,D
23/08/2025,16:00,Mirandes,Huesca,0,1,A
23/08/2025,18:00,Ceuta,Sporting Gijon,0,1,A
23/08/2025,20:30,Real Zaragoza,Andorra,1,3,A
24/08/2025,16:00,Deportivo La Coruna,Burgos,0,0,D
24/08/2025,18:30,Cultural Leonesa,Almeria,0,1,A
24/08/2025,20:30,Malaga,Real Sociedad B,1,0,H
25/08/2025,18:30,Albacete,Racing Santander,2,3,A
25/08/2025,20:30,Cordoba,Las Palmas,1,3,A
29/08/2025,18:30,Real Sociedad B,Almeria,2,2,D
29/08/2025,20:30,Sporting Gijon,Cultural Leonesa,1,0,H
30/08/2025,16:00,Racing Santander,Ceuta,4,1,H
30/08/2025,18:00,Valladolid,Cordoba,0,0,D
30/08/2025,20:30,Castellon,Real Zaragoza,1,1,D
31/08/2025,16:00,Andorra,Burgos,2,1,H
31/08/2025,,Cadiz,Albacete,2,1,H
31/08/2025,18:30,Las Palmas,Malaga,0,1,A
31/08/2025,20:30,Granada,Mirandes,1,2,A
01/09/2025,18:30,Huesca,Eibar,2,1,H
01/09/2025,20:30,Leganes,Deportivo La Coruna,2,2,D
05/09/2025,18:30,Albacete,Mirandes,1,4,A
05/09/2025,20:30,Cordoba,Castellon,2,1,H
06/09/2025,15:15,Deportivo La Coruna,Sporting Gijon,1,0,H
06/09/2025,17:30,Real Zaragoza,Valladolid,1,1,D
06/09/2025,20:00,Malaga,Granada,2,2,D
07/09/2025,13:00,Ceuta,Huesca,2,1,H
07/09/2025,15:15,Burgos,Las Palmas,0,0,D
07/09/2025,,Real Sociedad B,Cadiz,3,3,D
07/09/2025,17:30,Almeria,Racing Santander,2,3,A
07/09/2025,,Cultural Leonesa,Leganes,0,0,D
08/09/2025,19:30,Eibar,Andorra,2,0,H
12/09/2025,19:30,Las Palmas,Real Sociedad B,2,1,H
13/09/2025,15:15,Cadiz,Eibar,1,0,H
13/09/2025,,Mirandes,Deportivo La Coruna,1,5,A
13/09/2025,17:30,Huesca,Malaga,1,0,H
13/09/2025,20:00,Valladolid,Almeria,3,1,H
14/09/2025,13:00,Andorra,Cordoba,3,1,H
14/09/2025,15:15,Racing Santander,Cultural Leonesa,2,4,A
14/09/2025,17:30,Castellon,Ceuta,3,3,D
14/09/2025,,Sporting Gijon,Burgos,2,3,A
14/09/2025,20:00,Granada,Leganes,0,2,A
15/09/2025,19:30,Real Zaragoza,Albacete,0,0,D
19/09/2025,19:30,Deportivo La Coruna,Huesca,4,0,H
20/09/2025,15:15,Cultural Leonesa,Castellon,1,3,A
20/09/2025,17:30,Leganes,Las Palmas,0,1,A
20/09/2025,,Andorra,Mirandes,1,1,D
20/09/2025,20:00,Almeria,Sporting Gijon,2,1,H
21/09/2025,13:00,Ceuta,Real Zaragoza,1,0,H
21/09/2025,15:15,Albacete,Valladolid,2,0,H
21/09/2025,17:30,Eibar,Real Sociedad B,2,1,H
21/09/2025,,Malaga,Cadiz,0,1,A
21/09/2025,20:00,Cordoba,Racing Santander,2,2,D
22/09/2025,19:30,Burgos,Granada,1,1,D
26/09/2025,19:30,Mirandes,Real Zaragoza,0,1,A
27/09/2025,17:30,Eibar,Deportivo La Coruna,1,1,D
27/09/2025,,Racing Santander,Andorra,1,2,A
27/09/2025,20:00,Las Palmas,Almeria,0,1,A
28/09/2025,13:00,Real Sociedad B,Cordoba,1,1,D
28/09/2025,15:15,Burgos,Malaga,2,1,H
28/09/2025,,Cadiz,Ceuta,0,0,D
28/09/2025,17:30,Sporting Gijon,Albacete,3,4,A
28/09/2025,,Valladolid,Cultural Leonesa,0,1,A
28/09/2025,20:00,Huesca,Granada,0,1,A
29/09/2025,19:30,Leganes,Castellon,0,1,A
03/10/2025,19:30,Ceuta,Eibar,1,0,H
04/10/2025,15:15,Deportivo La Coruna,Almeria,1,1,D
04/10/2025,17:30,Andorra,Leganes,1,2,A
04/10/2025,,Huesca,Burgos,2,1,H
04/10/2025,20:00,Granada,Real Sociedad B,5,2,H
05/10/2025,13:00,Real Zaragoza,Cordoba,0,1,A
05/10/2025,15:15,Castellon,Sporting Gijon,3,1,H
05/10/2025,17:30,Racing Santander,Malaga,3,0,H
05/10/2025,,Valladolid,Mirandes,1,1,D
05/10/2025,20:00,Las Palmas,Cadiz,1,0,H
06/10/2025,19:30,Cultural Leonesa,Albacete,0,0,D
10/10/2025,19:30,Granada,Las Palmas,0,0,D
11/10/2025,15:15,Mirandes,Leganes,0,0,D
11/10/2025,17:30,Almeria,Real Zaragoza,4,2,H
11/10/2025,,Real Sociedad B,Andorra,3,0,H
12/10/2025,13:00,Albacete,Ceuta,0,0,D
12/10/2025,15:15,Eibar,Castellon,0,0,D
12/10/2025,,Sporting Gijon,Racing Santander,2,1,H
12/10/2025,17:30,Burgos,Valladolid,0,1,A
12/10/2025,,Cadiz,Huesca,1,0,H
12/10/2025,20:00,Malaga,Deportivo La Coruna,3,0,H
13/10/2025,19:30,Cordoba,Cultural Leonesa,1,0,H
17/10/2025,19:30,Andorra,Granada,0,0,D
18/10/2025,15:15,Ceuta,Mirandes,2,0,H
18/10/2025,17:30,Real Zaragoza,Cultural Leonesa,0,5,A
19/10/2025,13:00,Leganes,Malaga,2,0,H
19/10/2025,15:15,Castellon,Albacete,0,1,A
19/10/2025,,Valladolid,Sporting Gijon,2,3,A
19/10/2025,17:30,Racing Santander,Deportivo La Coruna,2,1,H
19/10/2025,,Cordoba,Almeria,1,1,D
19/10/2025,20:00,Las Palmas,Eibar,3,1,H
20/10/2025,19:30,Cadiz,Burgos,1,3,A
24/10/2025,19:30,Huesca,Las Palmas,1,1,D
25/10/2025,13:00,Cultural Leonesa,Ceuta,0,1,A
25/10/2025,15:15,Albacete,Cordoba,1,3,A
25/10/2025,,Eibar,Leganes,0,0,D
25/10/2025,17:30,Burgos,Real Sociedad B,1,0,H
25/10/2025,,Granada,Cadiz,0,0,D
25/10/2025,20:00,Mirandes,Racing Santander,1,3,A
26/10/2025,13:00,Malaga,Andorra,4,1,H
26/10/2025,17:30,Sporting Gijon,Real Zaragoza,1,0,H
26/10/2025,,Almeria,Castellon,1,0,H
26/10/2025,20:00,Deportivo La Coruna,Valladolid,1,1,D
31/10/2025,19:30,Racing Santander,Real Sociedad B,1,0,H
01/11/2025,15:15,Cultural Leonesa,Mirandes,3,2,H
01/11/2025,17:30,Albacete,Huesca,2,1,H
01/11/2025,,Leganes,Burgos,1,2,A
01/11/2025,20:00,Almeria,Eibar,3,1,H
02/11/2025,13:00,Andorra,Cadiz,0,0,D
02/11/2025,15:15,Cordoba,Ceuta,2,0,H
02/11/2025,,Sporting Gijon,Las Palmas,0,0,D
02/11/2025,17:30,Castellon,Malaga,2,1,H
02/11/2025,20:00,Real Zaragoza,Deportivo La Coruna,0,2,A
03/11/2025,19:30,Valladolid,Granada,2,1,H
