Date,Time,HomeTeam,AwayTeam
04/09/2026,20:00,Ipswich Town,Liverpool
05/09/2026,12:30,Newcastle,Bournemouth
05/09/2026,15:00,Nottingham Forest,Tottenham
05/09/2026,,Man City,Coventry City
05/09/2026,,Brighton,Leeds
05/09/2026,,Brentford,Sunderland
05/09/2026,,Fulham,Crystal Palace
05/09/2026,17:30,Hull City,Aston Villa
06/09/2026,14:00,Everton,Man United
06/09/2026,16:30,Arsenal,Chelsea
12/09/2026,15:00,Crystal Palace,Ipswich Town
12/09/2026,,Liverpool,Fulham
12/09/2026,,Aston Villa,Nottingham Forest
12/09/2026,,Bournemouth,Brentford
12/09/2026,,Chelsea,Hull City
12/09/2026,17:30,Tottenham,Everton
12/09/2026,20:00,Sunderland,Arsenal
13/09/2026,14:00,Coventry City,Brighton
13/09/2026,16:30,Man United,Man City
14/09/2026,20:00,Leeds,Newcastle
18/09/2026,20:00,Brentford,Chelsea
19/09/2026,12:30,Tottenham,Aston Villa
19/09/2026,15:00,Everton,Ipswich Town
19/09/2026,,Leeds,Crystal Palace
19/09/2026,,Brighton,Arsenal
19/09/2026,,Newcastle,Hull City
19/09/2026,17:30,Nottingham Forest,Coventry City
20/09/2026,14:00,Bournemouth,Liverpool
20/09/2026,,Man City,Sunderland
20/09/2026,16:30,Fulham,Man United
10/10/2026,12:30,Arsenal,Leeds
10/10/2026,15:00,Sunderland,Brighton
10/10/2026,,Chelsea,Bournemouth
10/10/2026,,Ipswich Town,Fulham
10/10/2026,,Aston Villa,Brentford
10/10/2026,17:30,Man United,Tottenham
11/10/2026,14:00,Hull City,Everton
11/10/2026,,Crystal Palace,Nottingham Forest
11/10/2026,16:30,Liverpool,Man City
12/10/2026,20:00,Coventry City,Newcastle
17/10/2026,12:30,Everton,Chelsea
17/10/2026,15:00,Fulham,Hull City
17/10/2026,,Man City,Ipswich Town
17/10/2026,,Brentford,Liverpool
17/10/2026,17:30,Newcastle,Aston Villa
18/10/2026,14:00,Bournemouth,Sunderland
18/10/2026,,Leeds,Man United
18/10/2026,,Brighton,Crystal Palace
18/10/2026,16:30,Nottingham Forest,Arsenal
19/10/2026,20:00,Tottenham,Coventry City
23/10/2026,20:00,Ipswich Town,Nottingham Forest
24/10/2026,12:30,Aston Villa,Man City
24/10/2026,15:00,Liverpool,Brighton
24/10/2026,,Arsenal,Everton
24/10/2026,,Coventry City,Fulham
24/10/2026,17:30,Chelsea,Tottenham
25/10/2026,14:00,Crystal Palace,Newcastle
25/10/2026,,Man United,Bournemouth
25/10/2026,,Hull City,Brentford
25/10/2026,16:30,Sunderland,Leeds
31/10/2026,12:30,Chelsea,Man United
31/10/2026,15:00,Man City,Brighton
31/10/2026,,Bournemouth,Leeds
31/10/2026,,Coventry City,Sunderland
31/10/2026,,Hull City,Ipswich Town
31/10/2026,,Brentford,Nottingham Forest
31/10/2026,17:30,Tottenham,Crystal Palace
01/11/2026,14:00,Aston Villa,Fulham
01/11/2026,16:30,Liverpool,Arsenal
02/11/2026,20:00,Newcastle,Everton
07/11/2026,15:00,Arsenal,Hull City
07/11/2026,,Nottingham Forest,Man City
07/11/2026,,Leeds,Tottenham
07/11/2026,,Fulham,Newcastle
07/11/2026,,Everton,Coventry City
07/11/2026,,Crystal Palace,Liverpool
07/11/2026,,Sunderland,Chelsea
07/11/2026,,Ipswich Town,Bournemouth
07/11/2026,,Brighton,Brentford
07/11/2026,,Man United,Aston Villa
21/11/2026,15:00,Chelsea,Leeds
21/11/2026,,Man City,Fulham
21/11/2026,,Aston Villa,Sunderland
21/11/2026,,Liverpool,Man United
21/11/2026,,Hull City,Brighton
21/11/2026,,Bournemouth,Nottingham Forest
21/11/2026,,Tottenham,Ipswich Town
21/11/2026,,Brentford,Everton
21/11/2026,,Coventry City,Crystal Palace
21/11/2026,,Newcastle,Arsenal
28/11/2026,15:00,Leeds,Coventry City
28/11/2026,,Ipswich Town,Aston Villa
28/11/2026,,Arsenal,Man City
28/11/2026,,Man United,Brentford
28/11/2026,,Everton,Liverpool
28/11/2026,,Fulham,Bournemouth
28/11/2026,,Nottingham Forest,Chelsea
28/11/2026,,Brighton,Newcastle
28/11/2026,,Sunderland,Tottenham
28/11/2026,,Crystal Palace,Hull City
02/12/2026,20:00,Tottenham,Fulham
02/12/2026,,Liverpool,Sunderland
02/12/2026,,Hull City,Nottingham Forest
02/12/2026,,Chelsea,Crystal Palace
02/12/2026,,Aston Villa,Everton
02/12/2026,,Brentford,Arsenal
02/12/2026,,Coventry City,Ipswich Town
02/12/2026,,Man City,Leeds
02/12/2026,,Newcastle,Man United
02/12/2026,,Bournemouth,Brighton
05/12/2026,15:00,Tottenham,Arsenal
05/12/2026,,Man United,Coventry City
05/12/2026,,Leeds,Ipswich Town
05/12/2026,,Newcastle,Sunderland
05/12/2026,,Chelsea,Liverpool
05/12/2026,,Brentford,Man City
05/12/2026,,Bournemouth,Hull City
05/12/2026,,Aston Villa,Crystal Palace
05/12/2026,,Nottingham Forest,Brighton
05/12/2026,,Everton,Fulham
12/12/2026,15:00,Sunderland,Nottingham Forest
12/12/2026,,Crystal Palace,Man United
12/12/2026,,Hull City,Tottenham
12/12/2026,,Brighton,Everton
12/12/2026,,Ipswich Town,Newcastle
12/12/2026,,Coventry City,Aston Villa
12/12/2026,,Arsenal,Bournemouth
12/12/2026,,Man City,Chelsea
12/12/2026,,Liverpool,Leeds
12/12/2026,,Fulham,Brentford
19/12/2026,15:00,Leeds,Fulham
19/12/2026,,Brighton,Ipswich Town
19/12/2026,,Nottingham Forest,Everton
19/12/2026,,Brentford,Newcastle
19/12/2026,,Man City,Hull City
19/12/2026,,Sunderland,Crystal Palace
19/12/2026,,Bournemouth,Coventry City
19/12/2026,,Arsenal,Man United
19/12/2026,,Liverpool,Tottenham
19/12/2026,,Chelsea,Aston Villa
26/12/2026,15:00,Aston Villa,Leeds
26/12/2026,,Man United,Nottingham Forest
26/12/2026,,Crystal Palace,Arsenal
26/12/2026,,Everton,Sunderland
26/12/2026,,Coventry City,Chelsea
26/12/2026,,Newcastle,Man City
26/12/2026,,Fulham,Brighton
26/12/2026,,Tottenham,Bournemouth
26/12/2026,,Hull City,Liverpool
26/12/2026,,Ipswich Town,Brentford
30/12/2026,20:00,Fulham,Arsenal
30/12/2026,,Coventry City,Brentford
30/12/2026,,Aston Villa,Liverpool
30/12/2026,,Newcastle,Nottingham Forest
30/12/2026,,Hull City,Leeds
30/12/2026,,Man United,Sunderland
30/12/2026,,Ipswich Town,Chelsea
30/12/2026,,Tottenham,Brighton
30/12/2026,,Everton,Man City
30/12/2026,,Crystal Palace,Bournemouth
02/01/2027,15:00,Bournemouth,Aston Villa
02/01/2027,,Brentford,Crystal Palace
02/01/2027,,Leeds,Everton
02/01/2027,,Arsenal,Ipswich Town
02/01/2027,,Sunderland,Hull City
02/01/2027,,Liverpool,Coventry City
02/01/2027,,Chelsea,Newcastle
02/01/2027,,Nottingham Forest,Fulham
02/01/2027,,Brighton,Man United
02/01/2027,,Man City,Tottenham
06/01/2027,20:00,Arsenal,Brentford
06/01/2027,,Leeds,Man City
06/01/2027,,Man United,Newcastle
06/01/2027,,Brighton,Bournemouth
06/01/2027,,Nottingham Forest,Hull City
06/01/2027,,Fulham,Tottenham
06/01/2027,,Everton,Aston Villa
06/01/2027,,Sunderland,Liverpool
06/01/2027,,Crystal Palace,Chelsea
06/01/2027,,Ipswich Town,Coventry City
16/01/2027,15:00,Bournemouth,Ipswich Town
16/01/2027,,Man City,Nottingham Forest
16/01/2027,,Chelsea,Sunderland
16/01/2027,,Brentford,Brighton
16/01/2027,,Aston Villa,Man United
16/01/2027,,Tottenham,Leeds
16/01/2027,,Coventry City,Everton
16/01/2027,,Liverpool,Crystal Palace
16/01/2027,,Hull City,Arsenal
16/01/2027,,Newcastle,Fulham
23/01/2027,15:00,Ipswich Town,Hull City
23/01/2027,,Everton,Brentford
23/01/2027,,Sunderland,Coventry City
23/01/2027,,Nottingham Forest,Bournemouth
23/01/2027,,Arsenal,Newcastle
23/01/2027,,Leeds,Chelsea
23/01/2027,,Fulham,Aston Villa
23/01/2027,,Man United,Liverpool
23/01/2027,,Brighton,Man City
23/01/2027,,Crystal Palace,Tottenham
30/01/2027,15:00,Tottenham,Sunderland
30/01/2027,,Brentford,Man United
30/01/2027,,Newcastle,Brighton
30/01/2027,,Hull City,Crystal Palace
30/01/2027,,Coventry City,Leeds
30/01/2027,,Bournemouth,Fulham
30/01/2027,,Chelsea,Nottingham Forest
30/01/2027,,Liverpool,Everton
30/01/2027,,Man City,Arsenal
30/01/2027,,Aston Villa,Ipswich Town
06/02/2027,15:00,Arsenal,Liverpool
06/02/2027,,Brighton,Hull City
06/02/2027,,Sunderland,Aston Villa
06/02/2027,,Crystal Palace,Coventry City
06/02/2027,,Ipswich Town,Tottenham
06/02/2027,,Everton,Newcastle
06/02/2027,,Fulham,Man City
06/02/2027,,Leeds,Bournemouth
06/02/2027,,Man United,Chelsea
06/02/2027,,Nottingham Forest,Brentford
10/02/2027,20:00,Everton,Leeds
10/02/2027,,Coventry City,Liverpool
10/02/2027,,Hull City,Sunderland
10/02/2027,,Aston Villa,Bournemouth
10/02/2027,,Crystal Palace,Brentford
10/02/2027,,Newcastle,Chelsea
10/02/2027,,Fulham,Nottingham Forest
10/02/2027,,Tottenham,Man City
10/02/2027,,Man United,Brighton
10/02/2027,,Ipswich Town,Arsenal
20/02/2027,15:00,Man City,Newcastle
20/02/2027,,Bournemouth,Crystal Palace
20/02/2027,,Brentford,Coventry City
20/02/2027,,Chelsea,Ipswich Town
20/02/2027,,Liverpool,Hull City
20/02/2027,,Arsenal,Fulham
20/02/2027,,Nottingham Forest,Man United
20/02/2027,,Brighton,Tottenham
20/02/2027,,Sunderland,Everton
20/02/2027,,Leeds,Aston Villa
27/02/2027,15:00,Crystal Palace,Sunderland
27/02/2027,,Man United,Arsenal
27/02/2027,,Ipswich Town,Brighton
27/02/2027,,Coventry City,Bournemouth
27/02/2027,,Everton,Nottingham Forest
27/02/2027,,Fulham,Leeds
27/02/2027,,Aston Villa,Chelsea
27/02/2027,,Tottenham,Liverpool
27/02/2027,,Newcastle,Brentford
27/02/2027,,Hull City,Man City
03/03/2027,20:00,Nottingham Forest,Newcastle
03/03/2027,,Bournemouth,Tottenham
03/03/2027,,Man City,Everton
03/03/2027,,Arsenal,Crystal Palace
03/03/2027,,Leeds,Hull City
03/03/2027,,Sunderland,Man United
03/03/2027,,Liverpool,Aston Villa
03/03/2027,,Brighton,Fulham
03/03/2027,,Brentford,Ipswich Town
03/03/2027,,Chelsea,Coventry City
13/03/2027,15:00,Leeds,Brighton
13/03/2027,,Tottenham,Nottingham Forest
13/03/2027,,Crystal Palace,Fulham
13/03/2027,,Liverpool,Ipswich Town
13/03/2027,,Coventry City,Man City
13/03/2027,,Bournemouth,Newcastle
13/03/2027,,Chelsea,Arsenal
13/03/2027,,Aston Villa,Hull City
13/03/2027,,Man United,Everton
13/03/2027,,Sunderland,Brentford
20/03/2027,15:00,Brentford,Bournemouth
20/03/2027,,Brighton,Coventry City
20/03/2027,,Man City,Man United
20/03/2027,,Ipswich Town,Crystal Palace
20/03/2027,,Arsenal,Sunderland
20/03/2027,,Fulham,Liverpool
20/03/2027,,Hull City,Chelsea
20/03/2027,,Nottingham Forest,Aston Villa
20/03/2027,,Everton,Tottenham
20/03/2027,,Newcastle,Leeds
10/04/2027,15:00,Sunderland,Ipswich Town
10/04/2027,,Leeds,Nottingham Forest
10/04/2027,,Man United,Hull City
10/04/2027,,Chelsea,Fulham
10/04/2027,,Liverpool,Newcastle
10/04/2027,,Coventry City,Arsenal
10/04/2027,,Bournemouth,Man City
10/04/2027,,Crystal Palace,Everton
10/04/2027,,Tottenham,Brentford
10/04/2027,,Aston Villa,Brighton
17/04/2027,15:00,Brighton,Chelsea
17/04/2027,,Fulham,Sunderland
17/04/2027,,Brentford,Leeds
17/04/2027,,Nottingham Forest,Liverpool
17/04/2027,,Hull City,Coventry City
17/04/2027,,Arsenal,Aston Villa
17/04/2027,,Ipswich Town,Man United
17/04/2027,,Man City,Crystal Palace
17/04/2027,,Newcastle,Tottenham
17/04/2027,,Everton,Bournemouth
24/04/2027,15:00,Chelsea,Man City
24/04/2027,,Bournemouth,Arsenal
24/04/2027,,Tottenham,Hull City
24/04/2027,,Man United,Crystal Palace
24/04/2027,,Everton,Brighton
24/04/2027,,Nottingham Forest,Sunderland
24/04/2027,,Newcastle,Ipswich Town
24/04/2027,,Aston Villa,Coventry City
24/04/2027,,Brentford,Fulham
24/04/2027,,Leeds,Liverpool
01/05/2027,15:00,Sunderland,Newcastle
01/05/2027,,Brighton,Nottingham Forest
01/05/2027,,Coventry City,Man United
01/05/2027,,Hull City,Bournemouth
01/05/2027,,Man City,Brentford
01/05/2027,,Fulham,Everton
01/05/2027,,Liverpool,Chelsea
01/05/2027,,Arsenal,Tottenham
01/05/2027,,Crystal Palace,Aston Villa
01/05/2027,,Ipswich Town,Leeds
08/05/2027,15:00,Man City,Liverpool
08/05/2027,,Leeds,Arsenal
08/05/2027,,Fulham,Ipswich Town
08/05/2027,,Nottingham Forest,Crystal Palace
08/05/2027,,Brentford,Aston Villa
08/05/2027,,Newcastle,Coventry City
08/05/2027,,Brighton,Sunderland
08/05/2027,,Tottenham,Chelsea
08/05/2027,,Everton,Hull City
08/05/2027,,Bournemouth,Man United
15/05/2027,15:00,Hull City,Fulham
15/05/2027,,Man United,Leeds
15/05/2027,,Crystal Palace,Brighton
15/05/2027,,Aston Villa,Newcastle
15/05/2027,,Chelsea,Everton
15/05/2027,,Coventry City,Tottenham
15/05/2027,,Sunderland,Bournemouth
15/05/2027,,Liverpool,Brentford
15/05/2027,,Ipswich Town,Man City
15/05/2027,,Arsenal,Nottingham Forest
23/05/2027,15:00,Brentford,Hull City
23/05/2027,,Newcastle,Crystal Palace
23/05/2027,,Tottenham,Man United
23/05/2027,,Leeds,Sunderland
23/05/2027,,Brighton,Liverpool
23/05/2027,,Nottingham Forest,Ipswich Town
23/05/2027,,Bournemouth,Chelsea
23/05/2027,,Fulham,Coventry City
23/05/2027,,Everton,Arsenal
23/05/2027,,Man City,Aston Villa
30/05/2027,16:00,Ipswich Town,Everton
30/05/2027,,Arsenal,Brighton
30/05/2027,,Liverpool,Bournemouth
30/05/2027,,Coventry City,Nottingham Forest
30/05/2027,,Aston Villa,Tottenham
30/05/2027,,Hull City,Newcastle
30/05/2027,,Man United,Fulham
30/05/2027,,Sunderland,Man City
30/05/2027,,Chelsea,Brentford
30/05/2027,,Crystal Palace,Leeds
